category,kg_co2e_per_kg,land_use_change,farm,animal_feed,processing,transport,retail,packaging,losses
Apples,0.43,-0.029,0.226,0.0,0.004,0.096,0.017,0.045,0.071
Bananas,0.86,-0.026,0.27,0.0,0.06,0.296,0.021,0.066,0.175
Barley,1.18,0.009,0.176,0.0,0.128,0.035,0.264,0.497,0.071
Beef (beef herd),99.48,23.238,56.228,2.681,1.811,0.494,0.234,0.352,14.44
Beef (dairy herd),33.3,1.266,21.916,3.504,1.548,0.592,0.254,0.375,3.848
Beet Sugar,1.81,0.0,0.536,0.0,0.242,0.629,0.039,0.09,0.276
Berries & Grapes,1.53,0.025,0.718,0.0,0.0,0.236,0.017,0.211,0.325
Brassicas,0.51,0.002,0.278,0.0,0.0,0.095,0.017,0.045,0.078
Cane Sugar,3.2,1.263,0.491,0.0,0.037,0.795,0.037,0.084,0.492
Cassava,1.32,0.589,0.22,0.0,0.0,0.094,0.039,0.045,0.329
Cheese,23.88,4.467,13.096,2.353,0.74,0.139,0.333,0.172,2.577
Citrus Fruit,0.39,-0.146,0.307,0.0,0.0,0.094,0.017,0.045,0.072
Coffee,28.53,3.819,10.754,0.0,0.613,0.135,0.052,1.687,11.467
Dark Chocolate,46.65,25.815,6.687,0.0,0.334,0.111,0.038,0.722,12.94
Eggs,4.67,0.71,1.32,2.205,0.0,0.084,0.036,0.161,0.153
Fish (farmed),13.63,1.195,8.056,1.834,0.045,0.248,0.09,0.138,2.027
Groundnuts,3.23,0.485,1.576,0.0,0.411,0.133,0.047,0.109,0.469
Lamb & Mutton,39.72,0.648,27.026,3.283,1.54,0.679,0.301,0.348,5.898
Maize,1.7,0.475,0.717,0.0,0.078,0.09,0.039,0.09,0.211
Milk,3.15,0.512,1.509,0.244,0.154,0.093,0.265,0.1,0.274
Nuts,0.43,-3.258,3.374,0.0,0.051,0.107,0.043,0.124,-0.008
Oatmeal,2.48,0.002,1.872,0.0,0.058,0.091,0.039,0.09,0.327
Olive Oil,5.42,-0.324,3.672,0.0,0.567,0.414,0.039,0.74,0.316
Onions & Leeks,0.5,0.005,0.211,0.0,0.0,0.095,0.039,0.045,0.102
Other Fruit,1.05,0.127,0.373,0.0,0.016,0.183,0.016,0.042,0.296
Other Pulses,1.79,0.033,1.089,0.0,0.0,0.096,0.039,0.353,0.176
Other Vegetables,0.53,0.001,0.176,0.0,0.06,0.166,0.015,0.042,0.072
Palm Oil,7.32,2.756,1.875,0.0,1.125,0.185,0.039,0.788,0.549
Peas,0.98,0.0,0.717,0.0,0.0,0.095,0.039,0.045,0.079
Pig Meat,12.31,2.244,2.477,4.298,0.416,0.501,0.278,0.432,1.659
Potatoes,0.46,-0.001,0.193,0.0,0.0,0.094,0.039,0.045,0.091
Poultry Meat,9.87,3.508,0.928,2.452,0.607,0.381,0.244,0.293,1.452
Rapeseed Oil,3.77,0.196,2.157,0.0,0.178,0.175,0.043,0.777,0.243
Rice,4.45,-0.022,3.554,0.0,0.065,0.096,0.063,0.084,0.612
Root Vegetables,0.43,0.013,0.154,0.0,0.0,0.114,0.039,0.045,0.062
Shrimps (farmed),26.87,0.331,13.454,4.03,0.0,0.331,0.352,0.536,7.832
Soy milk,0.98,0.18,0.093,0.0,0.163,0.11,0.27,0.098,0.062
Soybean Oil,6.32,2.866,1.406,0.0,0.288,0.277,0.039,0.786,0.662
Sunflower Oil,3.6,0.122,1.976,0.0,0.211,0.185,0.039,0.784,0.282
Tofu,3.16,0.958,0.495,0.0,0.794,0.177,0.27,0.177,0.29
Tomatoes,2.09,0.373,0.705,0.0,0.012,0.177,0.017,0.146,0.658
Wheat & Rye,1.57,0.097,0.82,0.0,0.21,0.125,0.056,0.087,0.178
Wine,1.79,-0.061,0.626,0.0,0.139,0.093,0.039,0.749,0.204
