Food code,Shop,Product,Pack price (£),Pack size,Pack weight (g),Unit price shown,Price per kg (£),How per kg was worked out,Used,URL,Checked,Note
11-861,Morrisons,Morrisons Easy Cook Long Grain Rice 500g,1,500g,500,£2.00/kg,2,pack price / pack weight,yes,https://groceries.morrisons.com/search?q=long%20grain%20rice,2026-10-02,"Easy cook (parboiled); no plain own-brand long grain seen; 'white rice' search returned 403 twice. 1kg pack is £1.25 (£1.25/kg, Unbeatable Price)"
11-861,Sainsbury's,Sainsbury's Long Grain Rice 1kg,1.3,1kg,1000,£1.30/kg,1.3,pack price / pack weight,yes,https://www.sainsburys.co.uk/gol-ui/SearchResults/long%20grain%20rice,2026-10-02,Plain long grain; smallest pack of this line
11-861,Tesco,Tesco Easy Cook Long Grain Rice 1Kg,1.25,1Kg,1000,£1.25/kg,1.25,pack price / pack weight,yes,https://www.tesco.com/groceries/en-GB/search?query=long%20grain%20rice,2026-10-02,Easy cook (parboiled); no plain Tesco long grain white rice listed (checked second search). Aldi Price Match badge
11-868,Morrisons,Morrisons Easy Cook Brown Long Grain Rice,1.39,1kg,1000,£1.39/kg,1.39,pack price / pack weight,yes,https://groceries.morrisons.com/products/morrisons-easy-cook-brown-long-grain-rice/104552192,2026-10-02,"Easy cook; first fetch misread unit as £1.20/kg, re-check shows 'Ordinarily £1.39/kg'"
11-868,Sainsbury's,Sainsbury's Brown Rice 500g,0.69,500g,500,£1.38/kg,1.38,pack price / pack weight,yes,https://www.sainsburys.co.uk/gol-ui/SearchResults/brown%20rice,2026-10-02,Aldi price match
11-868,Tesco,Tesco Easy Cook Brown Rice 1Kg,1.39,1Kg,1000,£1.39/kg,1.39,pack price / pack weight,yes,https://www.tesco.com/groceries/en-GB/search?query=brown%20rice,2026-10-02,Easy cook brown rice; no other Tesco plain brown rice in results (2Kg £2.85 larger)
11-878,Morrisons,Gallo Traditional Risotto 500g,3,500g,500,£6.00/kg,6,pack price / pack weight,yes,https://groceries.morrisons.com/search?q=risotto%20rice,2026-10-02,branded; no Morrisons own-brand risotto/arborio rice found; Riso Gallo Easy Cook Risotto Rice 500g £2.65 also listed but is easy-cook not plain
11-878,Sainsbury's,Sainsbury's Arborio Risotto Rice 500g,2.25,500g,500,£4.50 / kg,4.5,pack price / pack weight,yes,https://www.sainsburys.co.uk/gol-ui/SearchResults/arborio%20rice,2026-10-02,
11-878,Tesco,Tesco Risotto Rice 1Kg,3.3,1Kg,1000,£3.30/kg,3.3,pack price / pack weight,yes,https://www.tesco.com/groceries/en-GB/search?query=risotto%20rice,2026-10-02,Only Tesco standard risotto rice listed; name does not say Arborio; 1kg is the only size
11-889,Morrisons,Allinson's Very Strong Wholemeal Bread Flour,1.95,1kg,1000,£1.95/kg,1.95,pack price / pack weight,yes,https://groceries.morrisons.com/search?q=strong%20wholemeal%20flour,2026-10-02,branded; no Morrisons own-brand wholemeal flour found (Morrisons Strong Brown Flour 1.5kg £1.60 is brown not wholemeal)
11-889,Sainsbury's,Sainsbury's Strong Stoneground 100% Wholemeal Flour 1.5kg,1.5,1.5kg,1500,£1.00/kg,1,pack price / pack weight,yes,https://www.sainsburys.co.uk/gol-ui/SearchResults/sainsbury's%20wholemeal%20flour,2026-10-02,strong (bread) wholemeal; no own-brand plain wholemeal found
11-889,Tesco,Wrights Strong Wholemeal Bread Flour 1.5Kg,1.6,1.5Kg,1500,£1.07/kg,1.07,pack price / pack weight,yes,https://www.tesco.com/groceries/en-GB/search?query=strong%20wholemeal%20bread%20flour,2026-10-02,"branded; no Tesco own-brand wholemeal flour found except Tesco Wholemeal Chapatti Flour 10Kg (£7.50, not a household pack); Hovis Strong Wholemeal 1kg also £1.60 (£1.60/kg)"
11-973,Morrisons,Morrisons Plain Naan Bread,1.5,2 x 130g,260,£5.77/kg,5.77,pack price / pack weight,yes,https://groceries.morrisons.com/search?q=naan%20bread,2026-10-02,
11-973,Sainsbury's,Sainsbury's Plain Naan x2 260g,0.69,x2 260g,260,£2.65/kg,2.65,pack price / pack weight,yes,https://www.sainsburys.co.uk/gol-ui/SearchResults/naan%20bread,2026-10-02,Aldi price match; Sainsbury's Indian Plain Naan x2 260g also listed at £1.50 (£5.77/kg)
11-973,Tesco,Tesco Plain Naans 2 Pack 260G,0.69,260G (2 pack),260,£2.65/kg,2.65,pack price / pack weight,yes,https://www.tesco.com/groceries/en-GB/search?query=naan%20bread,2026-10-02,"Aldi Price Match line; Tesco also lists 'Tesco Plain Naan Bread 2 Pack' £1.50 (£0.75/each, Clubcard £1.00) with no weight shown"
11-974,Morrisons,Morrisons Stonebaked White Pittas 6 Pack,0.5,6 per pack,,8.3p/item,1.39,price each / 360 g (6 pittas x 60 g (Tesco product page)),yes,https://groceries.morrisons.com/products/morrisons-stonebaked-white-pittas-6-pack/109515964,2026-10-02,6 pittas; product page states no net weight. Unbeatable Price
11-974,Sainsbury's,Sainsbury's White Pittas x6,0.5,x6,,8p per unit,1.39,price each / 360 g (6 pittas x 60 g (Tesco product page)),yes,https://www.sainsburys.co.uk/gol-ui/SearchResults/white%20pitta%20bread,2026-10-02,6 pittas; no pack weight shown on search page. Aldi price match
11-974,Tesco,Tesco White Plain Pitta Bread 6 Pack,0.5,6 pack,,£0.08/each,1.39,price each / 360 g (6 pittas x 60 g (Tesco product page)),yes,https://www.tesco.com/shop/en-GB/products/254945564,2026-10-02,6 pittas; no net pack weight stated; product page nutrition is per pitta 60g. Aldi Price Match
12-184,Morrisons,Morrisons Natural Yogurt,1.15,500g,500,£2.30/kg,2.3,pack price / pack weight,yes,https://groceries.morrisons.com/products/morrisons-natural-yogurt/103145923,2026-10-02,Fat level not stated; Morrisons also sells Whole Milk Natural Yoghurt 1kg £2.00 (£2.00/kg) which is explicitly whole milk
12-184,Sainsbury's,Sainsbury's Natural Yogurt 500g,1.15,500g,500,£2.30/kg,2.3,pack price / pack weight,yes,https://www.sainsburys.co.uk/gol-ui/SearchResults/natural%20yogurt,2026-10-02,Fat level not stated on search page (fat free / low fat versions are labelled separately)
12-184,Tesco,Tesco Natural Yogurt 500G,1.15,500G,500,£2.30/kg,2.3,pack price / pack weight,yes,https://www.tesco.com/groceries/en-GB/search?query=natural%20yogurt,2026-10-02,Fat level not stated on search page (low fat / 0% versions are labelled separately)
12-307,Morrisons,Morrisons Skimmed British Milk 1 Pint,0.85,568ml,568,£1.50/litre,1.5,"pack price / pack weight (not used: this food's price comes from elsewhere, or too few shops)",no,https://groceries.morrisons.com/search?q=skimmed%20milk,2026-10-02,"""Unbeatable Price"" label; 500ml bottle £0.95 also listed (on-the-go size, not used)"
12-307,Sainsbury's,Sainsbury's British Skimmed Milk 568ml (1 pint),0.85,568ml,568,£1.50 / ltr,1.5,"pack price / pack weight (not used: this food's price comes from elsewhere, or too few shops)",no,https://www.sainsburys.co.uk/gol-ui/SearchResults/skimmed%20milk,2026-10-02,2 pint 1.13L £1.20 also available
12-307,Tesco,"Tesco British Skimmed Milk 568Ml, 1 Pint",0.85,568ml,568,£1.50/litre,1.5,"pack price / pack weight (not used: this food's price comes from elsewhere, or too few shops)",no,https://www.tesco.com/groceries/en-GB/search?query=skimmed%20milk,2026-10-02,2 pint 1.136L £1.20 also available
12-334,Morrisons,Morrisons British Double Cream,1.1,150ml,150,£7.33/litre,7.33,pack price / pack weight,yes,https://groceries.morrisons.com/search?q=double%20cream,2026-10-02,labelled Unbeatable Price; 300ml £1.70 (£5.67/litre)
12-334,Sainsbury's,Sainsbury's British Double Cream 150ml,1.2,150ml,150,£8.00/ltr,8,pack price / pack weight,yes,https://www.sainsburys.co.uk/gol-ui/SearchResults/double%20cream,2026-10-02,300ml £1.70 (£5.67/ltr)
12-334,Tesco,Tesco British Double Cream 150Ml,1.1,150Ml,150,£7.33/litre,7.33,pack price / pack weight,yes,https://www.tesco.com/groceries/en-GB/search?query=double%20cream,2026-10-02,300ml £1.70 (£5.67/litre)
12-335,Morrisons,Morrisons British Creme Fraiche,0.75,300ml,300,£2.50/litre,2.5,pack price / pack weight,yes,https://groceries.morrisons.com/search?q=fresh%20creme%20fraiche,2026-10-02,'creme fraiche' search returned 403 twice; this result from search 'fresh creme fraiche'; tagged Unbeatable Price
12-335,Sainsbury's,Sainsbury's British Crème Fraîche 300ml,1.05,300ml,300,£3.50/ltr,3.5,pack price / pack weight,yes,https://www.sainsburys.co.uk/gol-ui/SearchResults/creme%20fraiche,2026-10-02,
12-335,Tesco,Tesco British Creme Fraiche 300ml,0.75,300ml,300,£2.50/litre,2.5,pack price / pack weight,yes,https://www.tesco.com/groceries/en-GB/search?query=creme%20fraiche,2026-10-02,Aldi Price Match
12-360,Morrisons,Morrisons Mozzarella 125g,1.3,125g,125,£10.40/kg,10.4,pack price / pack weight,yes,https://groceries.morrisons.com/search?q=mozzarella,2026-10-02,
12-360,Sainsbury's,Castelli 210g Mozzarella Cheese,0.55,210g,125,£4.40/kg,4.4,pack price / pack weight,yes,https://www.sainsburys.co.uk/gol-ui/SearchResults/mozzarella,2026-10-02,"DOUBTFUL. branded: no standard Sainsbury's mozzarella ball listed (only Lighter 125g £1.45, pearls, grated, TTD buffalo). Castelli is cheapest branded; pack_grams 125 inferred from unit price (drained), not stated. Galbani Italian Mozzarella 125g is £1.95 (£15.60/kg)"
12-360,Tesco,Tesco Mozzarella 200g,1.3,200g (unit price on drained weight),125,£10.40/kg DR.WT,10.4,pack price / pack weight,yes,https://www.tesco.com/groceries/en-GB/search?query=mozzarella,2026-10-02,Ball in brine; pack_grams = drained weight implied by DR.WT unit price (1.30/10.40 = 125 g)
12-379,Morrisons,Morrisons Low Fat Natural Yogurt,1.15,500g,500,£2.30/kg,2.3,pack price / pack weight,yes,https://groceries.morrisons.com/products/morrisons-low-fat-natural-yogurt/103149414,2026-10-02,
12-379,Sainsbury's,Sainsbury's Fat Free Natural Yogurt 500g,0.55,500g,500,£1.10/kg,1.1,pack price / pack weight,yes,https://www.sainsburys.co.uk/gol-ui/SearchResults/low%20fat%20natural%20yogurt,2026-10-02,DOUBTFUL: no Sainsbury's plain low fat natural yogurt found (only Greek Style Low Fat 500g £1.15); this is fat free; Aldi price match
12-379,Tesco,Tesco 0% Fat Natural Yogurt 500G,1.15,500G,500,£2.30/kg,2.3,pack price / pack weight,yes,https://www.tesco.com/groceries/en-GB/search?query=low%20fat%20natural%20yogurt,2026-10-02,DOUBTFUL: no Tesco standard 'low fat' natural yogurt; this is fat free. Creamfields Low Fat Natural Yogurt 500G £0.55 is a value range (excluded)
12-495,Morrisons,Morrisons Paneer 200g,1.8,200g,200,£9.00/kg,9,pack price / pack weight,yes,https://groceries.morrisons.com/search?q=paneer,2026-10-02,
12-495,Sainsbury's,,,,,,,no price found,no,https://www.sainsburys.co.uk/gol-ui/SearchResults/paneer,2026-10-02,Page returned no products (JavaScript-only shell) on 2 attempts
12-495,Tesco,Tesco Paneer Cheese 200G,1.8,200G,200,£9.00/kg,9,pack price / pack weight,yes,https://www.tesco.com/groceries/en-GB/search?query=paneer,2026-10-02,
12-524,Morrisons,Morrisons Long Life Unsweetened Soya Drink,1.3,1L,1000,£1.30/litre,1.3,pack price / pack weight,yes,https://groceries.morrisons.com/search?q=unsweetened%20soya%20milk,2026-10-02,
12-524,Sainsbury's,Sainsbury's Unsweetened Long Life Soya Drink 1L,1.3,1L,1000,£1.30/ltr,1.3,pack price / pack weight,yes,https://www.sainsburys.co.uk/gol-ui/SearchResults/unsweetened%20soya%20milk,2026-10-02,chilled Sainsbury's Unsweetened Soya Drink 1L £1.35
12-524,Tesco,Tesco Longlife Soya Drink Unsweetened 1Ltr,1.15,1Ltr,1000,£1.15/litre,1.15,pack price / pack weight,yes,https://www.tesco.com/groceries/en-GB/search?query=unsweetened%20soya%20milk,2026-10-02,long life chosen for consistency across shops; chilled Tesco Soya Drink Unsweetened 1Ltr £1.25
12-525,Morrisons,Morrisons Greek Feta,2.15,200g,200,£10.75/kg,10.75,pack price / pack weight,yes,https://groceries.morrisons.com/search?q=feta,2026-10-02,
12-525,Sainsbury's,Sainsbury's Greek Feta Cheese 200g,2.35,200g,200,£11.75/kg,11.75,pack price / pack weight,yes,https://www.sainsburys.co.uk/gol-ui/SearchResults/feta,2026-10-02,
12-525,Tesco,Tesco Greek Feta Cheese 200 G,2.25,200 G,200,£11.25/kg,11.25,pack price / pack weight,yes,https://www.tesco.com/groceries/en-GB/search?query=feta,2026-10-02,
12-545,Morrisons,Cadbury Bournville Dark Chocolate Cocoa Powder Tin 250g,4.45,250g,250,£17.80/kg,17.8,pack price / pack weight,yes,https://groceries.morrisons.com/search?q=cocoa%20powder,2026-10-02,branded: no Morrisons own-brand cocoa powder (checked 'morrisons cocoa'). Cheapest per kg non-organic; Dr. Oetker 190g is £4.00 on offer (was £4.65)
12-545,Sainsbury's,Sainsbury's Cocoa 250g,3.5,250g,250,£14.00/kg,14,pack price / pack weight,yes,https://www.sainsburys.co.uk/gol-ui/SearchResults/cocoa%20powder,2026-10-02,
12-545,Tesco,Tesco Cocoa Powder 250G,2.99,250G,250,£11.96/kg,11.96,pack price / pack weight,yes,https://www.tesco.com/groceries/en-GB/search?query=cocoa%20powder,2026-10-02,Aldi Price Match
12-555,Morrisons,Morrisons Greek Style Yogurt 500g,1.15,500g,500,£2.30/kg,2.3,pack price / pack weight,yes,https://groceries.morrisons.com/search?q=natural%20yogurt,2026-10-02,200g pot also sold at £0.80 (£4.00/kg) - treated as single-serve
12-555,Sainsbury's,Sainsbury's Greek Style Natural Yogurt 500g,1.15,500g,500,£2.30/kg,2.3,pack price / pack weight,yes,https://www.sainsburys.co.uk/gol-ui/SearchResults/natural%20yogurt,2026-10-02,200g pot also sold at 80p (£4.00/kg) - treated as single-serve
12-555,Tesco,Tesco Greek Style Yogurt 500G,1.15,500G,500,£2.30/kg,2.3,pack price / pack weight,yes,https://www.tesco.com/groceries/en-GB/search?query=natural%20yogurt,2026-10-02,4x100g multipack excluded
13-074,Morrisons,Laila Chickpeas 1kg,2.5,1kg,1000,£2.50/kg,2.5,pack price / pack weight,yes,https://groceries.morrisons.com/search?q=chick%20peas,2026-10-02,branded; no Morrisons own-brand dried chickpeas found (only tinned); page does not state dried for this product; Indus Chickpeas 1kg also £2.50
13-074,Sainsbury's,Sainsbury's Chickpeas 500g,2.3,500g,500,£4.60 / kg,4.6,pack price / pack weight,yes,https://www.sainsburys.co.uk/gol-ui/SearchResults/sainsburys%20dried%20chickpeas%20500g,2026-10-02,DOUBTFUL: name does not say dried; listed among dried pulses and unit price fits dried (tins are listed separately as Chickpeas in Water 400g)
13-074,Tesco,Natco Chick Peas 2Kg,3.85,2Kg,2000,£1.92/kg,1.93,pack price / pack weight,yes,https://www.tesco.com/groceries/en-GB/search?query=tesco%20chick%20peas%20dried,2026-10-02,branded; no Tesco own-brand dried chickpeas found; name does not say dried (2kg bag); Laila Chickpeas 2Kg £4.00 also listed
13-089,Morrisons,Morrisons Wholefoods Green Lentils,2.05,500g,500,£4.10/kg,4.1,pack price / pack weight,yes,https://groceries.morrisons.com/search?q=green%20lentils,2026-10-02,
13-089,Sainsbury's,Sainsbury's Dried Green Lentils 500g,2.1,500g,500,£4.20/kg,4.2,pack price / pack weight,yes,https://www.sainsburys.co.uk/gol-ui/SearchResults/sainsbury's%20green%20lentils,2026-10-02,"Sainsbury's Green Lentils 250g £1.45 (£5.80/kg) also listed but page did not say if dried, so not used"
13-089,Tesco,Tesco Lentilles Vertes 500G,2.1,500G,500,£4.20/kg,4.2,pack price / pack weight,yes,https://www.tesco.com/groceries/en-GB/search?query=tesco%20green%20lentils,2026-10-02,dried French green lentils; only Tesco own-brand dried green lentil found
13-161,Morrisons,Morrisons Purple Aubergine,0.95,single item,,95.0p/item,1.73,"price each / 548 g (USDA FDC 169228, 1 aubergine)",yes,https://groceries.morrisons.com/search?q=aubergines,2026-10-02,"'aubergine' search returned 403 twice; this from search 'aubergines'; sold each, no weight given; tagged Unbeatable Price"
13-161,Sainsbury's,Sainsbury's Aubergine,0.95,each,,95p/each,1.73,"price each / 548 g (USDA FDC 169228, 1 aubergine)",yes,https://www.sainsburys.co.uk/gol-ui/SearchResults/aubergines,2026-10-02,"'aubergine' search page failed to render twice (JS only); this from search 'aubergines'; sold each, no weight given"
13-161,Tesco,Tesco Aubergine Each,2.7,each,,,,"excluded: £2.70 and out of stock on two fetches, far above the other two shops",no,https://www.tesco.com/groceries/en-GB/search?query=aubergine,2026-10-02,DOUBTFUL: shown as £2.7 and out of stock on two fetches; no unit price or weight shown; high vs Sainsbury's/Morrisons 95p each
13-164,Morrisons,Morrisons Bunched Fresh Beetroot,2.3,per bunch,,£2.30/item,,"no weight, not used",no,https://groceries.morrisons.com/products/morrisons-bunched-fresh-beetroot/111002181,2026-10-02,Raw bunched; product page gives no weight or count
13-164,Sainsbury's,Sainsbury's Bunched Beetroot 500g,2.3,500g,500,£4.60/kg,4.6,"pack price / pack weight (not used: this food's price comes from elsewhere, or too few shops)",no,https://www.sainsburys.co.uk/gol-ui/SearchResults/beetroot,2026-10-02,Raw bunched
13-164,Tesco,,,,,,,no price found,no,https://www.tesco.com/groceries/en-GB/search?query=beetroot,2026-10-02,"No standard raw beetroot found (searched 'beetroot' and 'raw beetroot'); only own-brand raw option is Tesco Organic Beetroot 450g £2.20 (£4.89/kg), excluded as organic"
13-190,Morrisons,Morrisons British Red Cabbage 450-1350g,0.89,450-1350g (each),,89.0p/item,1.06,"price each / 839 g (USDA FDC 169977, 1 medium red cabbage head)",yes,https://groceries.morrisons.com/search?q=red%20cabbage,2026-10-02,Sold per item; weight range 450-1350g
13-190,Sainsbury's,Sainsbury's Red Cabbage Each,0.89,Each,,89p / ea,1.06,"price each / 839 g (USDA FDC 169977, 1 medium red cabbage head)",yes,https://www.sainsburys.co.uk/gol-ui/SearchResults/red%20cabbage,2026-10-02,Sold per item; weight not stated
13-190,Tesco,Tesco Red Cabbage Each,0.89,Each,,£0.89/each,1.06,"price each / 839 g (USDA FDC 169977, 1 medium red cabbage head)",yes,https://www.tesco.com/groceries/en-GB/search?query=red%20cabbage,2026-10-02,Sold per item; weight not stated
13-234,Morrisons,Morrisons British Sliced Kale 150g,0.67,150g,150,£4.47/kg,4.47,pack price / pack weight,yes,https://groceries.morrisons.com/search?q=kale,2026-10-02,sliced kale is the only own-brand standard kale listed
13-234,Sainsbury's,,,,,,,no price found,no,https://www.sainsburys.co.uk/gol-ui/SearchResults/kale,2026-10-02,Page returned no products (JavaScript-only shell) on 2 attempts
13-234,Tesco,Tesco Curly Kale 180G,0.8,180G,180,£4.44/kg,4.44,pack price / pack weight,yes,https://www.tesco.com/groceries/en-GB/search?query=kale,2026-10-02,Aldi Price Match (shelf price)
13-244,Morrisons,Morrisons Garlic Bulbs 4 Pack,0.87,4 per pack,,21.8p/item,,"no weight, not used",no,https://groceries.morrisons.com/search?q=garlic,2026-10-02,4 bulbs; no net weight shown
13-244,Sainsbury's,Sainsbury's Garlic x4,0.87,x4,,22p/ea,,"no weight, not used",no,https://www.sainsburys.co.uk/gol-ui/SearchResults/sainsbury's%20garlic%20x4,2026-10-02,4 bulbs; no net weight shown; Sainsbury's Large Garlic 50p each
13-244,Tesco,Tesco Garlic 4 Pack,0.87,4 Pack,,£0.22/each,,"no weight, not used",no,https://www.tesco.com/groceries/en-GB/search?query=garlic,2026-10-02,4 bulbs; no net weight shown; Tesco Large Garlic £0.50 each
13-300,Morrisons,Morrisons Market St Okra,1.75,200g,200,£8.75/kg,8.75,pack price / pack weight,yes,https://groceries.morrisons.com/search?q=okra,2026-10-02,fresh
13-300,Sainsbury's,Sainsbury's Okra 175g,1.75,175g,175,£10.00/kg,10,pack price / pack weight,yes,https://www.sainsburys.co.uk/gol-ui/SearchResults/okra,2026-10-02,fresh
13-300,Tesco,Surya Cut Okra 300g,0.95,300g,300,£3.17/kg,,excluded: frozen cut okra; the food is fresh raw okra,no,https://www.tesco.com/groceries/en-GB/search?query=okra,2026-10-02,branded; FROZEN cut okra - no fresh okra or Tesco own-brand okra listed
13-316,Morrisons,Morrisons Finger Chillies 50g,0.72,50g,50,£14.40/kg,14.4,pack price / pack weight,yes,https://groceries.morrisons.com/search?q=green%20chilli,2026-10-02,DOUBTFUL: no fresh Morrisons product named green chillies; finger chillies colour not stated on page
13-316,Sainsbury's,Sainsbury's Green Chillies 65g,0.75,65g,65,£11.54/kg,11.54,pack price / pack weight,yes,https://www.sainsburys.co.uk/gol-ui/SearchResults/green%20chillies,2026-10-02,
13-316,Tesco,Tesco Finger Chillies 80G,1.15,80G,80,£14.38/kg,14.37,pack price / pack weight,yes,https://www.tesco.com/groceries/en-GB/search?query=tesco%20green%20chilli,2026-10-02,DOUBTFUL: no Tesco product named green chillies; finger chillies colour not stated on page
13-317,Morrisons,Morrisons Fresh Red Chillies 50g,0.59,50g,50,£11.80/kg,11.8,pack price / pack weight,yes,https://groceries.morrisons.com/search?q=red%20chilli,2026-10-02,'red chillies' search returned 403 twice; this is from the 'red chilli' search
13-317,Sainsbury's,Sainsbury's Red Chillies 65g,0.55,65g,65,£8.46/kg,8.46,pack price / pack weight,yes,https://www.sainsburys.co.uk/gol-ui/SearchResults/red%20chillies,2026-10-02,Aldi price match
13-317,Tesco,Tesco Red Chillies 60G,0.51,60G,60,£8.50/kg,8.5,pack price / pack weight,yes,https://www.tesco.com/groceries/en-GB/search?query=red%20chillies,2026-10-02,Aldi Price Match
13-318,Morrisons,Morrisons Loose Green Pepper,0.7,1 item,,70.0p/item,5.88,"price each / 119 g (USDA FDC 170427, 1 medium green pepper)",yes,https://groceries.morrisons.com/products/morrisons-loose-green-pepper/108408294,2026-10-02,Product page shows no weight or per-kg price; pack_grams left blank. Morrisons lists two identical green pepper entries at 0.70 (also 108408497).
13-318,Sainsbury's,Sainsbury's Green Pepper,0.7,each,,70p/ea,5.88,"price each / 119 g (USDA FDC 170427, 1 medium green pepper)",yes,https://www.sainsburys.co.uk/gol-ui/SearchResults/green%20pepper,2026-10-02,No per-kg price or typical weight shown on search page; product page URL not available so pack_grams left blank.
13-318,Tesco,,,,,,,no price found,no,https://www.tesco.com/groceries/en-GB/search?query=green%20peppers,2026-10-02,"No fresh loose green pepper listed in Tesco search (queries: green pepper, green peppers); only jarred/sauce/olive products. Blank."
13-342,Morrisons,,,,,,,no price found,no,https://groceries.morrisons.com/search?q=shallot,2026-10-02,No standard own-brand or branded raw shallots found (2 searches); only premium Morrisons The Best Shallots 300g £1.10 (£3.67/kg)
13-342,Sainsbury's,Sainsbury's Shallots 400g,1.35,400g,400,£3.38 / kg,3.38,pack price / pack weight,yes,https://www.sainsburys.co.uk/gol-ui/SearchResults/shallots,2026-10-02,
13-342,Tesco,Tesco Shallots Onions 400G,1.35,400G,400,£3.38/kg,3.38,pack price / pack weight,yes,https://www.tesco.com/groceries/en-GB/search?query=shallots,2026-10-02,Clubcard Price £1.00 ignored
13-352,Morrisons,Morrisons Salad Onions,0.65,minimum 100g,100,65.0p/item,6.5,pack price / pack weight,yes,https://groceries.morrisons.com/search?q=spring%20onions,2026-10-02,labelled Unbeatable Price; pack is minimum 100g
13-352,Sainsbury's,Sainsbury's Spring Onions Bunch 100g,0.69,100g,100,69p/ea,6.9,pack price / pack weight,yes,https://www.sainsburys.co.uk/gol-ui/SearchResults/spring%20onion,2026-10-02,"search 'spring onions' failed twice (JS page), 'spring onion' worked"
13-352,Tesco,Tesco Bunched Spring Onions 100G,0.69,100G,100,£6.90/kg,6.9,pack price / pack weight,yes,https://www.tesco.com/groceries/en-GB/search?query=spring%20onions,2026-10-02,Clubcard price £0.49 ignored
13-355,Morrisons,Morrisons Butternut Squash,1.5,each,,£1.50/item,,"no weight, not used",no,https://groceries.morrisons.com/search?q=butternut%20squash,2026-10-02,"DOUBTFUL which line is standard: page lists two items both named 'Morrisons Butternut Squash', £1.50/item (3 days life) and £1.35/item (1 week life); no weights shown"
13-355,Sainsbury's,Sainsbury's Butternut Squash Loose,1.5,per kg (loose),1000,£1.50/kg,1.5,"pack price / pack weight (not used: this food's price comes from elsewhere, or too few shops)",no,https://www.sainsburys.co.uk/gol-ui/SearchResults/butternut%20squash,2026-10-02,"sold loose by weight; Nectar price £1.10/kg (save 25%) ignored, regular £1.50/kg recorded"
13-355,Tesco,Tesco Butternut Squash Each,1.5,each,,£1.50/each,,"no weight, not used",no,https://www.tesco.com/groceries/en-GB/search?query=butternut%20squash,2026-10-02,sold each; no weight shown
13-512,Morrisons,Morrisons Medium Cauliflower,1.19,Single item,,£1.19/item,2.02,"price each / 588 g (USDA FDC 169986, 1 medium head)",yes,https://groceries.morrisons.com/products/morrisons-medium-cauliflower/108303071,2026-10-02,Medium size chosen as the standard (a Large one is £2.10). Product page shows no weight or per-kg price; pack_grams left blank.
13-512,Sainsbury's,Sainsbury's Cauliflower,1.18,Each,,£1.18/ea,2.01,"price each / 588 g (USDA FDC 169986, 1 medium head)",yes,https://www.sainsburys.co.uk/gol-ui/SearchResults/cauliflower%20each,2026-10-02,No per-kg price or typical weight shown; pack_grams left blank. Search for 'cauliflower' alone failed to load (JavaScript page) so the 'cauliflower each' search was used.
13-512,Tesco,Tesco Cauliflower Each,1.18,Each,,£1.18/each,2.01,"price each / 588 g (USDA FDC 169986, 1 medium head)",yes,https://www.tesco.com/shop/en-GB/products/253558119,2026-10-02,Product page shows no per-kg price or typical weight; pack_grams left blank.
13-519,Morrisons,Morrisons Cherry Tomatoes 420g,1.4,420g,420,£3.33/kg,3.33,pack price / pack weight,yes,https://groceries.morrisons.com/search?q=cherry%20tomatoes,2026-10-02,Morrisons Vine Ripe Cherry Tomatoes 225g also listed at £1.35 (£6.00/kg)
13-519,Sainsbury's,Sainsbury's 330g Cherry Tomatoes,0.89,330g,330,£2.70/kg,2.7,pack price / pack weight,yes,https://www.sainsburys.co.uk/gol-ui/SearchResults/cherry%20tomatoes,2026-10-02,
13-519,Tesco,Tesco Cherry Tomatoes 300G,1,300G,300,£3.33/kg,3.33,pack price / pack weight,yes,https://www.tesco.com/groceries/en-GB/search?query=cherry%20tomatoes,2026-10-02,
13-520,Morrisons,Morrisons British Iceberg Lettuce,0.89,1 head,,89.0p/item,1.65,"price each / 539 g (USDA FDC 169248, 1 medium iceberg head)",yes,https://groceries.morrisons.com/products/morrisons-british-iceberg-lettuce/108370943,2026-10-02,Product page shows no weight or per-kg price; pack_grams left blank.
13-520,Sainsbury's,Sainsbury's Iceberg Lettuce,0.89,Single unit,,89p / ea,1.65,"price each / 539 g (USDA FDC 169248, 1 medium iceberg head)",yes,https://www.sainsburys.co.uk/gol-ui/SearchResults/iceberg%20lettuce,2026-10-02,No per-kg price or typical weight shown; pack_grams left blank.
13-520,Tesco,Tesco Iceberg Lettuce Each,0.89,Each,,£0.89/each,1.65,"price each / 539 g (USDA FDC 169248, 1 medium iceberg head)",yes,https://www.tesco.com/shop/en-GB/products/253557495,2026-10-02,Product page shows no per-kg price or typical weight; pack_grams left blank.
13-521,Morrisons,Morrisons Baby Spinach 160g,1,160g,160,£6.25/kg,6.25,pack price / pack weight,yes,https://groceries.morrisons.com/search?q=baby%20spinach,2026-10-02,
13-521,Sainsbury's,Sainsbury's Baby Leaf Spinach 120g,1,120g,120,£8.33/kg,8.33,pack price / pack weight,yes,https://www.sainsburys.co.uk/gol-ui/SearchResults/baby%20spinach,2026-10-02,
13-521,Tesco,Tesco Baby Spinach 220G,1.65,220G,220,£7.50/kg,7.5,pack price / pack weight,yes,https://www.tesco.com/groceries/en-GB/search?query=baby%20spinach,2026-10-02,Smallest pack; Tesco Baby Spinach 250G also listed at £1.30 (£5.20/kg); Clubcard £1.20 ignored
13-523,Morrisons,Morrisons Whole Cucumber,0.99,Individual item,,99.0p/item,3.29,"price each / 301 g (USDA FDC 168409, 1 cucumber)",yes,https://groceries.morrisons.com/products/morrisons-whole-cucumber/108413093,2026-10-02,Product page shows no weight or per-kg price; pack_grams left blank.
13-523,Sainsbury's,Sainsbury's Whole Cucumber,0.99,Each,,99p/ea,3.29,"price each / 301 g (USDA FDC 168409, 1 cucumber)",yes,https://www.sainsburys.co.uk/gol-ui/SearchResults/cucumber,2026-10-02,No per-kg price or typical weight shown for the standard whole cucumber; pack_grams left blank. (The separate Sainsbury's Small Whole Cucumber at 70p shows £3.89/kg but is not the standard item.)
13-523,Tesco,Tesco Whole Cucumber Each,0.99,Each,,£0.99/each,3.29,"price each / 301 g (USDA FDC 168409, 1 cucumber)",yes,https://www.tesco.com/shop/en-GB/products/253558972,2026-10-02,Product page shows no per-kg price or typical weight; pack_grams left blank. Tesco Whole Large Cucumber was out of stock.
13-524,Morrisons,Morrisons Loose Red Pepper,0.7,Individual item,,70.0p/item,5.88,"price each / 119 g (USDA FDC 170108, 1 medium red pepper)",yes,https://groceries.morrisons.com/products/morrisons-loose-red-pepper/108407187,2026-10-02,"Product page shows no weight or per-kg price; pack_grams left blank. A duplicate listing exists at 108408403, same price."
13-524,Sainsbury's,Sainsbury's Red Pepper,0.7,Each,,70p/ea,5.88,"price each / 119 g (USDA FDC 170108, 1 medium red pepper)",yes,https://www.sainsburys.co.uk/gol-ui/SearchResults/red%20pepper,2026-10-02,No per-kg price or typical weight shown; pack_grams left blank. Taste the Difference red sweet pointed pepper (75p) ignored as premium.
13-524,Tesco,,,,,,,no price found,no,https://www.tesco.com/groceries/en-GB/search?query=red%20peppers,2026-10-02,"No fresh loose red pepper listed in Tesco search (queries: red pepper, red peppers, peppers); only jarred/sauce/ready-meal products. Blank."
13-526,Morrisons,Morrisons Loose Yellow Pepper,0.7,Single item,,70.0p/item,5.88,"price each / 119 g (USDA FDC 170108, 1 medium red pepper (USDA lists no medium yellow pepper))",yes,https://groceries.morrisons.com/products/morrisons-loose-yellow-pepper/108408462,2026-10-02,"Product page shows no weight or per-kg price; pack_grams left blank. A duplicate listing exists at 108408374, same price."
13-526,Sainsbury's,Sainsbury's Yellow Pepper,0.7,Each,,70p/ea,5.88,"price each / 119 g (USDA FDC 170108, 1 medium red pepper (USDA lists no medium yellow pepper))",yes,https://www.sainsburys.co.uk/gol-ui/SearchResults/yellow%20pepper,2026-10-02,No per-kg price or typical weight shown; pack_grams left blank.
13-526,Tesco,Tesco Yellow Peppers Each,0.7,Each,,£0.70/each,5.88,"price each / 119 g (USDA FDC 170108, 1 medium red pepper (USDA lists no medium yellow pepper))",yes,https://www.tesco.com/shop/en-GB/products/258905427,2026-10-02,"DOUBTFUL stock: the search page showed this item out of stock with no price, but the product page showed £0.70 and an Add button. Price taken from the product page. No weight or per-kg price shown; pack_grams left blank. (Unit price text '£0.70/each' is from the page price line.)"
13-529,Morrisons,Morrisons Sweet Corn In Water (198g),0.55,"198g (drained 160g) (net 198 g, drained 160 g)",160,£3.44/kg,3.44,pack price / pack weight,yes,https://groceries.morrisons.com/products/morrisons-sweet-corn-in-water-198g/109319904,2026-10-02,Priced per kg of drained weight. Drained weight read on product page. 0.55/0.160 = 3.44 matches. Morrisons Savers 326g (value range) not used.
13-529,Sainsbury's,Sainsbury's Naturally Sweet Sweetcorn In Water 198g (157g*),0.3,"198g (157g*) (net 198 g, drained 157 g)",157,£1.82/kg,1.91,pack price / pack weight,yes,https://www.sainsburys.co.uk/gol-ui/SearchResults/naturally%20sweet%20sweetcorn%20in%20water%20198g,2026-10-02,Priced per kg of drained weight. DOUBTFUL: shown unit price £1.82/kg does not match 0.30/0.157 = 1.91 or 0.30/0.198 = 1.52. Same figures returned on 3 fetches; no product page URL to check. Basis left blank. Larger 325g (260g*) tin is 50p at £1.85/kg.
13-529,Tesco,Tesco Naturally Sweet Sweetcorn 200G,0.5,"200g (drained 160g) (net 200 g, drained 160 g)",160,£3.12/kg DR.WT,3.12,pack price / pack weight,yes,https://www.tesco.com/shop/en-GB/products/252695430,2026-10-02,Priced per kg of drained weight. Drained weight read on product page. Smallest own-brand single tin; a 325g tin is also sold at £0.53 (£2.04/kg DR.WT). Own-brand 3x200g multipack not used. 0.50/0.160 = 3.12 matches.
13-531,Morrisons,Morrisons Tomato Puree (200g),0.59,200g,200,£2.95/kg,2.95,pack price / pack weight,yes,https://groceries.morrisons.com/search?q=tomato%20puree,2026-10-02,
13-531,Sainsbury's,Sainsbury's Italian Tomato Purée Double Concentrate 142g,0.8,142g,142,£5.63 / kg,5.63,pack price / pack weight,yes,https://www.sainsburys.co.uk/gol-ui/SearchResults/tomato%20puree,2026-10-02,smallest pack; Sainsbury's Tomato Puree Double Concentrate 200g 59p (£2.95/kg) also available
13-531,Tesco,Tesco Tomato Puree 200G,0.59,200G,200,£2.95/kg,2.95,pack price / pack weight,yes,https://www.tesco.com/groceries/en-GB/search?query=tomato%20puree,2026-10-02,Aldi Price Match (shelf price)
13-570,Morrisons,Dragonfly Super Firm Fresh Organic Tofu 300g,2,300g,300,£6.67/kg,6.67,pack price / pack weight,yes,https://groceries.morrisons.com/search?q=tofu,2026-10-02,branded (organic); only own-brand is Morrisons Plant Revolution Super Firm Organic Tofu 200g £1.20 (£6.00/kg) - organic so excluded; no non-organic branded firm tofu shown
13-570,Sainsbury's,Cauldron 200g Extra Firm Tofu,1.75,200g,200,£8.75/kg,8.75,pack price / pack weight,yes,https://www.sainsburys.co.uk/gol-ui/SearchResults/firm%20tofu,2026-10-02,"branded; only own-brand is SO Organic Super Firm Tofu 300g £1.42 (£4.73/kg) - organic so excluded; search 'tofu' failed twice (JS page), 'firm tofu' worked"
13-570,Tesco,Cauldron Extra Firm Tofu Block 200g,1.75,200g,200,£8.75/kg,8.75,pack price / pack weight,yes,https://www.tesco.com/groceries/en-GB/search?query=tofu,2026-10-02,branded; only Tesco own-brand is Tesco Plant Chef Organic Firm Tofu 399g £1.95 (£6.50/kg) - organic so excluded per rules
13-572,Morrisons,Morrisons Spinach,2,450g,450,£4.44/kg,4.44,pack price / pack weight,yes,https://groceries.morrisons.com/search?q=spinach,2026-10-02,
13-572,Sainsbury's,Sainsbury's Young Spinach 260g,1.35,260g,260,£5.19/kg,5.19,pack price / pack weight,yes,https://www.sainsburys.co.uk/gol-ui/SearchResults/fresh%20spinach,2026-10-02,"'spinach' search failed to render twice (JS only); this from 'fresh spinach'; no mature spinach listed, young spinach closest; Nectar price 95p ignored, was £1.35 recorded"
13-572,Tesco,Tesco Spinach 500G,1.77,500G,500,£3.54/kg,3.54,pack price / pack weight,yes,https://www.tesco.com/groceries/en-GB/search?query=spinach,2026-10-02,Aldi Price Match; mature (non-baby) spinach
13-574,Morrisons,Quorn Vegetarian Pieces 300g,2.75,300g,300,£5.00/kg (offer price),9.17,pack price / pack weight,yes,https://groceries.morrisons.com/search?q=quorn%20pieces,2026-10-02,"branded (Quorn only). On offer: Now £1.50, Was £2.75; was price recorded"
13-574,Sainsbury's,Quorn Vegetarian Chicken Style Pieces 300g,2.75,300g,300,£9.17/kg,9.17,pack price / pack weight,yes,https://www.sainsburys.co.uk/gol-ui/SearchResults/quorn%20pieces,2026-10-02,branded (Quorn only)
13-574,Tesco,Quorn Chicken Style Pieces 300G,2.75,300G,300,£9.17/kg,9.17,pack price / pack weight,yes,https://www.tesco.com/groceries/en-GB/search?query=quorn%20pieces,2026-10-02,branded (Quorn only). Clubcard Price £1.50 ignored
13-582,Morrisons,Morrisons British White Cabbage,0.89,Individual head,,89.0p/item,0.98,"price each / 908 g (USDA FDC 169975, 1 medium head)",yes,https://groceries.morrisons.com/products/morrisons-british-white-cabbage/108300785,2026-10-02,Product page shows no weight or per-kg price (page says it may be a half cabbage with no loss in weight); pack_grams left blank.
13-582,Sainsbury's,Sainsbury's White Cabbage Each,0.89,Each,,89p/ea,0.98,"price each / 908 g (USDA FDC 169975, 1 medium head)",yes,https://www.sainsburys.co.uk/gol-ui/SearchResults/white%20cabbage,2026-10-02,No per-kg price or typical weight shown; pack_grams left blank.
13-582,Tesco,Tesco White Cabbage Each,0.89,Each,,£0.89/each,0.98,"price each / 908 g (USDA FDC 169975, 1 medium head)",yes,https://www.tesco.com/shop/en-GB/products/294070748,2026-10-02,No typical weight or per-kg price shown (the 'per 80g' on the page is the nutrition portion not the item weight); pack_grams left blank.
13-624,Morrisons,Morrisons Trimmed Leeks 500g,1.37,500g,500,£2.74/kg,2.74,pack price / pack weight,yes,https://groceries.morrisons.com/search?q=leeks,2026-10-02,
13-624,Sainsbury's,Sainsbury's Leeks 500g,1.37,500g,500,£2.74/kg,2.74,pack price / pack weight,yes,https://www.sainsburys.co.uk/gol-ui/SearchResults/leeks,2026-10-02,Aldi price match
13-624,Tesco,Tesco Leeks 500G,1.37,500G,500,£2.74/kg,2.74,pack price / pack weight,yes,https://www.tesco.com/groceries/en-GB/search?query=leeks,2026-10-02,Aldi Price Match; loose leeks also £2.74/kg
13-636,Morrisons,Morrisons celery sticks 250g (from the shop's celery listing),0.9,250g,250,£3.60/kg,3.6,pack price / pack weight,yes,https://groceries.morrisons.com/search?q=celery,2026-10-02,Whole heads are sold each with no weight; celery sticks used instead
13-636,Sainsbury's,Sainsbury's celery sticks 250g (from the shop's celery listing),0.9,250g,250,£3.60/kg,3.6,pack price / pack weight,yes,https://www.sainsburys.co.uk/gol-ui/SearchResults/celery,2026-10-02,Whole heads are sold each with no weight; celery sticks used instead
13-636,Tesco,Tesco celery sticks 250g (from the shop's celery listing),0.9,250g,250,£3.60/kg,3.6,pack price / pack weight,yes,https://www.tesco.com/groceries/en-GB/search?query=celery,2026-10-02,Whole heads are sold each with no weight; celery sticks used instead
13-657,Morrisons,Morrisons Wholefoods Red Split Lentils 500g,2.1,500g,500,£4.20/kg,4.2,pack price / pack weight,yes,https://groceries.morrisons.com/search?q=red%20split%20lentils,2026-10-02,
13-657,Sainsbury's,Sainsbury's Dried Red Lentils 500g,2.1,500g,500,£4.20/kg,4.2,pack price / pack weight,yes,https://www.sainsburys.co.uk/gol-ui/SearchResults/red%20split%20lentils,2026-10-02,Sainsbury's Red Lentils 1kg £2.60
13-657,Tesco,Tesco Red Split Lentils 500G,2.1,500G,500,£4.20/kg,4.2,pack price / pack weight,yes,https://www.tesco.com/groceries/en-GB/search?query=red%20split%20lentils,2026-10-02,1Kg £2.60
13-660,Morrisons,Morrisons Red Kidney Beans (400g),0.37,"400g (drained 240g) (net 400 g, drained 240 g)",240,£1.54/kg,1.54,pack price / pack weight,yes,https://groceries.morrisons.com/products/morrisons-red-kidney-beans-400g/105408168,2026-10-02,"Priced per kg of drained weight. Drained weight from search listing; product page not opened. Listing name does not say ""in water"". 0.37/0.240 = 1.54 matches."
13-660,Sainsbury's,Sainsbury's Red Kidney Beans in Water 400g (240g*),0.39,"400g (240g*) (net 400 g, drained 240 g)",240,£1.62/kg,1.63,pack price / pack weight,yes,https://www.sainsburys.co.uk/gol-ui/SearchResults/red%20kidney%20beans%20in%20water%20400g,2026-10-02,Priced per kg of drained weight. Drained weight from bracket in search listing name; no product page URL available. Aldi price match label. 0.39/0.240 = 1.62 matches. A 215g (130g*) tin also exists; not used.
13-660,Tesco,Tesco Red Kidney Beans In Water 400G,0.39,"400g (drained 240g) (net 400 g, drained 240 g)",240,£1.62/kg DR.WT,1.63,pack price / pack weight,yes,https://www.tesco.com/shop/en-GB/products/259061829,2026-10-02,Priced per kg of drained weight. Drained weight read on product page. 0.39/0.240 = 1.62 matches.
13-670,Morrisons,Morrisons Chickpeas In Water (400g),0.37,"400g (drained 240g) (net 400 g, drained 240 g)",240,£1.54/kg,1.54,pack price / pack weight,yes,https://groceries.morrisons.com/products/morrisons-chickpeas-in-water-400g/110434045,2026-10-02,Priced per kg of drained weight. Drained weight from search listing; product page not opened. Unbeatable Price label; no was price shown. 0.37/0.240 = 1.54 matches.
13-670,Sainsbury's,Sainsbury's Chickpeas in Water 400g (240g*),0.41,"400g (240g*) (net 400 g, drained 240 g)",240,£1.71/kg,1.71,pack price / pack weight,yes,https://www.sainsburys.co.uk/gol-ui/SearchResults/chickpeas%20in%20water%20400g,2026-10-02,Priced per kg of drained weight. Drained weight from bracket in search listing name; no product page URL available. 0.41/0.240 = 1.71 matches.
13-670,Tesco,Tesco Chickpeas In Water 400G,0.41,"400g (drained 240g) (net 400 g, drained 240 g)",240,£1.71/kg DR.WT,1.71,pack price / pack weight,yes,https://www.tesco.com/shop/en-GB/products/262490576,2026-10-02,Priced per kg of drained weight. Drained weight read on product page. Aldi Price Match label. 0.41/0.240 = 1.71 matches.
13-804,Morrisons,Morrisons Fresh Basil 30g,0.7,30g,30,£23.33/kg,23.33,pack price / pack weight,yes,https://groceries.morrisons.com/search?q=fresh%20basil,2026-10-02,
13-804,Sainsbury's,Sainsbury's Fresh Packed Basil 30g,0.5,30g,30,£16.67/kg,16.67,pack price / pack weight,yes,https://www.sainsburys.co.uk/gol-ui/SearchResults/fresh%20basil,2026-10-02,
13-804,Tesco,Tesco Fresh Cut Basil 30G,0.5,30G,30,£16.67/kg,16.67,pack price / pack weight,yes,https://www.tesco.com/groceries/en-GB/search?query=fresh%20basil,2026-10-02,Aldi Price Match
13-829,Morrisons,Morrisons Garam Masala Curry Powder 38g,1.09,38g,38,£28.68/kg,28.68,pack price / pack weight,yes,https://groceries.morrisons.com/search?q=garam%20masala,2026-10-02,
13-829,Sainsbury's,Sainsbury's Garam Masala 38g,1.15,38g,38,£30.26/kg,30.26,pack price / pack weight,yes,https://www.sainsburys.co.uk/gol-ui/SearchResults/sainsburys%20garam%20masala,2026-10-02,Tile shows 95p (£25.00/kg) Nectar price then £1.15; regular £1.15 recorded
13-829,Tesco,Tesco Garam Masala Spice Blend 38G,1,38G,38,£26.32/kg,26.32,pack price / pack weight,yes,https://www.tesco.com/groceries/en-GB/search?query=garam%20masala,2026-10-02,
13-830,Morrisons,Indus Garlic Powder 100g,1.25,100g,100,Ordinarily £12.50/kg,12.5,pack price / pack weight,yes,https://groceries.morrisons.com/products/indus-garlic-powder-100g/115710184,2026-10-02,"branded; no Morrisons own-brand garlic powder (own-brand Garlic Granules 55g £1.09). On offer: now £1.00, 'Save 20%, was £1.25'"
13-830,Sainsbury's,Natco Garlic Powder 100g,1.3,100g,100,£13.00/kg,13,pack price / pack weight,yes,https://www.sainsburys.co.uk/gol-ui/SearchResults/garlic%20powder,2026-10-02,branded; no Sainsbury's own-brand garlic powder (own-brand Garlic Granules 58g is £1.15 regular / 95p Nectar)
13-830,Tesco,Tesco Garlic Powder 45G,1,45G,45,£22.22/kg,22.22,pack price / pack weight,yes,https://www.tesco.com/groceries/en-GB/search?query=garlic%20powder,2026-10-02,
13-832,Morrisons,Morrisons Ground Ginger 32g,1.09,32g,32,£34.06/kg,34.06,pack price / pack weight,yes,https://groceries.morrisons.com/search?q=ground%20ginger,2026-10-02,multibuy Buy 3 for £3; Morrisons Ground Ginger 38g £1.00 (£26.32/kg) also listed
13-832,Sainsbury's,Sainsbury's Ground Ginger 38g,1.15,38g,38,£30.26 / kg,30.26,pack price / pack weight,yes,https://www.sainsburys.co.uk/gol-ui/SearchResults/sainsburys%20ground%20ginger,2026-10-02,Nectar price 95p ignored
13-832,Tesco,Tesco Ground Ginger 38G,1,38G,38,£26.32/kg,26.32,pack price / pack weight,yes,https://www.tesco.com/groceries/en-GB/search?query=ground%20ginger,2026-10-02,
13-836,Morrisons,Morrisons Fresh Mint 30g,0.6,30g,30,£20.00/kg,20,pack price / pack weight,yes,https://groceries.morrisons.com/search?q=fresh%20mint,2026-10-02,
13-836,Sainsbury's,Sainsbury's Fresh Packed Mint 30g,0.5,30g,30,£16.67/kg,16.67,pack price / pack weight,yes,https://www.sainsburys.co.uk/gol-ui/SearchResults/fresh%20mint,2026-10-02,
13-836,Tesco,Tesco Fresh Cut Mint 30G,0.5,30G,30,£16.67/kg,16.67,pack price / pack weight,yes,https://www.tesco.com/groceries/en-GB/search?query=fresh%20mint,2026-10-02,Aldi Price Match label
13-844,Morrisons,Morrisons Fresh Flat Leaf Parsley 30g,0.6,30g,30,£20.00/kg,20,pack price / pack weight,yes,https://groceries.morrisons.com/search?q=fresh%20parsley,2026-10-02,Morrisons Fresh Curly Parsley 30g also £0.60
13-844,Sainsbury's,Sainsbury's Fresh Packed Flat Leaf Parsley 30g,0.5,30g,30,£16.67/kg,16.67,pack price / pack weight,yes,https://www.sainsburys.co.uk/gol-ui/SearchResults/fresh%20parsley,2026-10-02,Aldi price match; curly parsley 30g is 55p
13-844,Tesco,Tesco Fresh Cut Flat Leaf Parsley 30G,0.5,30G,30,£16.67/kg,16.67,pack price / pack weight,yes,https://www.tesco.com/groceries/en-GB/search?query=fresh%20parsley,2026-10-02,Tesco Curled Leaf Parsley 30g also £0.50
13-861,Morrisons,Morrisons Ground Turmeric 45g,1.09,45g,45,£24.22/kg,24.22,pack price / pack weight,yes,https://groceries.morrisons.com/search?q=ground%20turmeric,2026-10-02,Multibuy Buy 3 for £3 ignored
13-861,Sainsbury's,Sainsbury's Turmeric 48g,1.15,48g,48,£23.96/kg,23.96,pack price / pack weight,yes,https://www.sainsburys.co.uk/gol-ui/SearchResults/sainsburys%20turmeric,2026-10-02,Tile shows 95p (£19.79/kg) Nectar price then £1.15; regular £1.15 recorded
13-861,Tesco,Tesco Ground Turmeric 45G,1,45G,45,£22.22/kg,22.22,pack price / pack weight,yes,https://www.tesco.com/groceries/en-GB/search?query=ground%20turmeric,2026-10-02,
13-873,Morrisons,Morrisons Mild Chilli Powder,1.09,45g,45,£24.22/kg,24.22,pack price / pack weight,yes,https://groceries.morrisons.com/search?q=chilli%20powder,2026-10-02,Multibuy 'Buy 3 for £3' ignored
13-873,Sainsbury's,Sainsbury's Mild Chilli Powder 44g,1.15,44g,44,£26.14/kg,26.14,pack price / pack weight,yes,https://www.sainsburys.co.uk/gol-ui/SearchResults/chilli%20powder,2026-10-02,Shown at 95p (£21.59/kg) with was £1.15; regular price recorded (95p likely Nectar price)
13-873,Tesco,Tesco Mild Chilli Powder 50g,1,50g,50,£20.00/kg,20,pack price / pack weight,yes,https://www.tesco.com/groceries/en-GB/search?query=chilli%20powder,2026-10-02,Tesco Hot Chilli Powder 50g same price
13-874,Morrisons,Morrisons Ground Cinnamon 32g,1.09,32g,32,£34.06/kg,34.06,pack price / pack weight,yes,https://groceries.morrisons.com/search?q=ground%20cinnamon,2026-10-02,multibuy Buy 3 for £3; Morrisons Ground Cinnamon 37g £1.00 (£27.03/kg) also listed
13-874,Sainsbury's,Sainsbury's Ground Cinnamon 38g,1.15,38g,38,£30.26 / kg,30.26,pack price / pack weight,yes,https://www.sainsburys.co.uk/gol-ui/SearchResults/ground%20cinnamon,2026-10-02,Nectar price 95p ignored
13-874,Tesco,Tesco Ground Cinnamon 36g,1,36g,36,£27.78/kg,27.78,pack price / pack weight,yes,https://www.tesco.com/groceries/en-GB/search?query=ground%20cinnamon,2026-10-02,
13-876,Morrisons,Morrisons Medium Curry Powder,1.5,90g,90,£16.67/kg,16.67,pack price / pack weight,yes,https://groceries.morrisons.com/search?q=curry%20powder,2026-10-02,
13-876,Sainsbury's,"Sainsbury's Medium Curry Powder, Inspired to Cook 80g",1.3,80g,80,£16.25/kg,16.25,pack price / pack weight,yes,https://www.sainsburys.co.uk/gol-ui/SearchResults/curry%20powder,2026-10-02,
13-876,Tesco,Tesco Medium Curry Powder 80G,1.25,80G,80,£15.62/kg,15.62,pack price / pack weight,yes,https://www.tesco.com/groceries/en-GB/search?query=curry%20powder,2026-10-02,Any 4 for 3 multibuy
13-879,Morrisons,Morrisons Paprika,1.09,45g,45,£24.22/kg,24.22,pack price / pack weight,yes,https://groceries.morrisons.com/search?q=paprika,2026-10-02,Buy 3 for £3 multibuy
13-879,Sainsbury's,Sainsbury's Paprika 44g,1.15,44g,44,£26.14/kg,26.14,pack price / pack weight,yes,https://www.sainsburys.co.uk/gol-ui/SearchResults/paprika,2026-10-02,DOUBTFUL: tile text reads '95p £21.59/kg £1.15 £26.14/kg'; summariser labelling of Nectar vs regular was inconsistent; recorded £1.15 as regular since a Nectar price cannot be the higher one (same 95p Nectar / £1.15 was pattern shown on Sainsbury's Celery Salt)
13-879,Tesco,Tesco Paprika 50g,1,50g,50,£20.00/kg,20,pack price / pack weight,yes,https://www.tesco.com/groceries/en-GB/search?query=paprika,2026-10-02,Clubcard 'Any 4 for 3' multibuy on cooking ingredients ignored
13-880,Morrisons,Morrisons Ground Black Pepper 25g,1.2,25g,25,£48.00/kg,48,pack price / pack weight,yes,https://groceries.morrisons.com/search?q=black%20pepper,2026-10-02,
13-880,Sainsbury's,Sainsbury's Ground Black Pepper 48g,1.55,48g,48,£32.29/kg,32.29,pack price / pack weight,yes,https://www.sainsburys.co.uk/gol-ui/SearchResults/black%20pepper,2026-10-02,Nectar price £1.25 ignored
13-880,Tesco,Tesco Ground Black Pepper 25G,1.2,25G,25,£48.00/kg,48,pack price / pack weight,yes,https://www.tesco.com/groceries/en-GB/search?query=black%20pepper,2026-10-02,
13-888,Morrisons,Morrisons Fresh Coriander,0.6,30g,30,£20.00/kg,20,pack price / pack weight,yes,https://groceries.morrisons.com/search?q=fresh%20coriander,2026-10-02,
13-888,Sainsbury's,Sainsbury's Fresh Packed Bunch Coriander 30g,0.55,30g,30,£18.33/kg,18.33,pack price / pack weight,yes,https://www.sainsburys.co.uk/gol-ui/SearchResults/fresh%20coriander,2026-10-02,
13-888,Tesco,Tesco Fresh Cut Coriander 30G,0.5,30G,30,£16.67/kg,16.67,pack price / pack weight,yes,https://www.tesco.com/groceries/en-GB/search?query=fresh%20coriander,2026-10-02,Aldi Price Match
13-889,Morrisons,Morrisons Whole Cumin Seeds 37g,1.09,37g,37,£29.46/kg,29.46,pack price / pack weight,yes,https://groceries.morrisons.com/search?q=cumin%20seeds,2026-10-02,multibuy Buy 3 for £3
13-889,Sainsbury's,Sainsbury's Cumin Seed 38g,1.15,38g,38,£30.26 / kg,30.26,pack price / pack weight,yes,https://www.sainsburys.co.uk/gol-ui/SearchResults/cumin%20seed,2026-10-02,Nectar price 95p ignored (summariser mislabelled at first; confirmed 95p follows the Nectar price label)
13-889,Tesco,Tesco Whole Cumin Seeds 37G,1,37G,37,£27.03/kg,27.03,pack price / pack weight,yes,https://www.tesco.com/groceries/en-GB/search?query=cumin%20seeds,2026-10-02,
13-890,Morrisons,Morrisons Ginger 125g,1.55,125g,125,£12.40/kg,12.4,pack price / pack weight,yes,https://groceries.morrisons.com/search?q=fresh%20ginger,2026-10-02,
13-890,Sainsbury's,Sainsbury's Ginger 100g,1.25,100g,100,£12.50/kg,12.5,pack price / pack weight,yes,https://www.sainsburys.co.uk/gol-ui/SearchResults/fresh%20ginger,2026-10-02,Sainsbury's Root Ginger Loose £5.60/kg
13-890,Tesco,Tesco Ginger 100g,1.25,100g,100,£12.50/kg,12.5,pack price / pack weight,yes,https://www.tesco.com/groceries/en-GB/search?query=tesco%20ginger%20100g,2026-10-02,fresh root ginger (fresh herbs/ginger aisle); Tesco Root Ginger Loose £5.60/kg
14-277,Morrisons,Morrisons Lemon Juice 250ml,0.8,250ml,250,£3.20/litre,3.2,pack price / pack weight,yes,https://groceries.morrisons.com/search?q=lemon%20juice,2026-10-02,
14-277,Sainsbury's,Sainsbury's Lemon Juice 250ml,0.9,250ml,250,£3.60/litre,3.6,pack price / pack weight,yes,https://www.sainsburys.co.uk/gol-ui/SearchResults/bottled%20lemon%20juice,2026-10-02,'lemon juice' search failed to render twice (JS only); this from 'bottled lemon juice'
14-277,Tesco,Tesco Lemon Juice 500ml,1.6,500ml,500,£3.20/litre,3.2,pack price / pack weight,yes,https://www.tesco.com/groceries/en-GB/search?query=lemon%20juice,2026-10-02,bottled lemon juice; only Tesco own-brand size listed
14-279,Morrisons,Morrisons Lime Juice 250ml,1.15,250ml,250,£4.60/litre,4.6,pack price / pack weight,yes,https://groceries.morrisons.com/search?q=lime%20juice,2026-10-02,Bottled lime juice
14-279,Sainsbury's,Sainsbury's Lime Juice 250ml,1.25,250ml,250,£5.00/ltr,5,pack price / pack weight,yes,https://www.sainsburys.co.uk/gol-ui/SearchResults/lime%20juice,2026-10-02,Bottled lime juice
14-279,Tesco,Tesco Lime Juice 250ml,1.3,250ml,250,£5.20/litre,5.2,pack price / pack weight,yes,https://www.tesco.com/groceries/en-GB/search?query=lime%20juice,2026-10-02,Bottled lime juice
14-327,Morrisons,Morrisons Loose Orange,0.35,Individual orange,,35.0p/item,2.67,"price each / 131 g (USDA FDC 169097, 1 orange)",yes,https://groceries.morrisons.com/products/morrisons-loose-orange/108378785,2026-10-02,Product page shows no weight or per-kg price; pack_grams left blank.
14-327,Sainsbury's,,,,,,,no price found,no,https://www.sainsburys.co.uk/gol-ui/SearchResults/oranges,2026-10-02,"No single loose own-brand orange found. Only multipacks seen: Sainsbury's 4 x Large Oranges £2.00 (50p each) and Taste the Difference x4 (premium). A 30p 'Easy Peeler (each)' appeared only as a meal-deal item, not an orange. Blank."
14-327,Tesco,Tesco Oranges Each,0.35,Each,,£0.35/each,2.67,"price each / 131 g (USDA FDC 169097, 1 orange)",yes,https://www.tesco.com/shop/en-GB/products/322450562,2026-10-02,Product page shows 'Count: 20' (appears to be a loose-stock count and not a weight) and no per-kg price or typical weight; pack_grams left blank.
14-378,Morrisons,,,,,,,no price found,no,https://groceries.morrisons.com/search?q=mango,2026-10-02,No single whole mango listed. Only Morrisons Ripe & Ready To Eat Mango 2 Pack £1.90 (95.0p/item) and Morrisons Mango 240g £2.50 (£10.42/kg; pack of 240g so not a single each). Blank.
14-378,Sainsbury's,Sainsbury's Mango Single,0.94,Single,,94p per item,2.8,"price each / 336 g (USDA FDC 169910, 1 mango without peel and stone)",yes,https://www.sainsburys.co.uk/gol-ui/SearchResults/mango,2026-10-02,"No per-kg price or typical weight shown; pack_grams left blank. Sainsbury's Giant Mango is £1.20 (larger item, not used)."
14-378,Tesco,Tesco Perfectly Ripe Mango,0.94,1 (each),,£0.94/each,2.8,"price each / 336 g (USDA FDC 169910, 1 mango without peel and stone)",yes,https://www.tesco.com/shop/en-GB/products/255805844,2026-10-02,Product page shows no per-kg price or typical weight; pack_grams left blank.
14-386,Morrisons,Morrisons Ready To Eat Avocado,1.1,Loose single,,£1.10/item,8.09,"price each / 136 g (USDA FDC 171706, 1 avocado without skin and stone)",yes,https://groceries.morrisons.com/products/morrisons-ready-to-eat-avocado/113038380,2026-10-02,Product page shows no weight or per-kg price; pack_grams left blank. Morrisons Large Ripened Avocado Single is 95p but the Ready To Eat single was taken as the standard.
14-386,Sainsbury's,Sainsbury's Medium Avocado,0.69,Each,,69p each,5.07,"price each / 136 g (USDA FDC 171706, 1 avocado without skin and stone)",yes,https://www.sainsburys.co.uk/gol-ui/SearchResults/avocado,2026-10-02,No per-kg price or typical weight shown; pack_grams left blank.
14-386,Tesco,Tesco Ripe & Ready Avocado,0.69,Each,,£0.69/each,5.07,"price each / 136 g (USDA FDC 171706, 1 avocado without skin and stone)",yes,https://www.tesco.com/shop/en-GB/products/255903025,2026-10-02,Loose single avocado. Product page shows no per-kg price or typical weight; pack_grams left blank.
14-393,Morrisons,Morrisons Raisins,2.3,500g,500,£4.60/kg,4.6,pack price / pack weight,yes,https://groceries.morrisons.com/search?q=raisins,2026-10-02,
14-393,Sainsbury's,"Sainsbury's Raisins, Seedless 500g",2.3,500g,500,£4.60/kg,4.6,pack price / pack weight,yes,https://www.sainsburys.co.uk/gol-ui/SearchResults/raisins,2026-10-02,
14-393,Tesco,Tesco Seedless Raisins 500G,2.3,500G,500,£4.60/kg,4.6,pack price / pack weight,yes,https://www.tesco.com/groceries/en-GB/search?query=raisins,2026-10-02,12x14g snack multipack excluded
14-394,Morrisons,Morrisons Soft Pitted Dates,1.84,200g,200,£9.20/kg,9.2,pack price / pack weight,yes,https://groceries.morrisons.com/search?q=dried%20dates,2026-10-02,
14-394,Sainsbury's,Sainsbury's Ready To Eat Dates 200g,1.9,200g,200,£9.50/kg,9.5,pack price / pack weight,yes,https://www.sainsburys.co.uk/gol-ui/SearchResults/dried%20dates,2026-10-02,
14-394,Tesco,Tesco Soft Pitted Dates 250G,2.3,250G,250,£9.20/kg,9.2,pack price / pack weight,yes,https://www.tesco.com/groceries/en-GB/search?query=dried%20dates,2026-10-02,
14-811,Morrisons,Morrisons Cashews 180g,2.48,180g,180,£13.78/kg,13.78,pack price / pack weight,yes,https://groceries.morrisons.com/search?q=cashew%20nuts,2026-10-02,assumed plain (name has no salt/flavour); Morrisons Cashew Nuts 250g £4.00 (£16.00/kg)
14-811,Sainsbury's,Sainsbury's Cashew Pieces 200g,2.35,200g,200,£11.75/kg,11.75,pack price / pack weight,yes,https://www.sainsburys.co.uk/gol-ui/SearchResults/cashew%20nuts,2026-10-02,"DOUBTFUL: pieces not whole, assumed plain (name has no salt/flavour); no standard plain whole own-brand found; Sainsbury's Fairtrade Cashew Nuts 100g £2.90 (£29.00/kg) is the whole plain alternative"
14-811,Tesco,Tesco Cashew Nuts 200G,2.25,200G,200,£11.25/kg,11.25,pack price / pack weight,yes,https://www.tesco.com/groceries/en-GB/search?query=cashew%20nuts,2026-10-02,plain; Tesco Cashew Nuts Snack Pack 60G not used (mini)
14-843,Morrisons,Morrisons Quinoa 300g,3.1,300g,300,£10.33/kg,10.33,pack price / pack weight,yes,https://groceries.morrisons.com/search?q=quinoa,2026-10-02,
14-843,Sainsbury's,Sainsbury's Quinoa 300g,3.1,300g,300,£10.33/kg,10.33,pack price / pack weight,yes,https://www.sainsburys.co.uk/gol-ui/SearchResults/quinoa,2026-10-02,
14-843,Tesco,Tesco Quinoa 300G,3.1,300G,300,£10.33/kg,10.33,pack price / pack weight,yes,https://www.tesco.com/groceries/en-GB/search?query=quinoa,2026-10-02,
14-844,Morrisons,Morrisons Sesame Seeds 100g,1.2,100g,100,£12.00/kg,12,pack price / pack weight,yes,https://groceries.morrisons.com/search?q=sesame%20seeds,2026-10-02,
14-844,Sainsbury's,Sainsbury's Sesame Seeds 50g,1.15,50g,50,£23.00/kg,23,pack price / pack weight,yes,https://www.sainsburys.co.uk/gol-ui/SearchResults/sesame%20seeds,2026-10-02,Nectar price 95p ignored. Sainsbury's Sesame Seeds 100g also listed at £1.20 (£12.00/kg)
14-844,Tesco,Tesco Sesame Seeds 100G,1.2,100G,100,£12.00/kg,12,pack price / pack weight,yes,https://www.tesco.com/groceries/en-GB/search?query=sesame%20seeds,2026-10-02,
14-870,Morrisons,Morrisons Ground Almonds 150g,2.55,150g,150,£17.00/kg,17,pack price / pack weight,yes,https://groceries.morrisons.com/search?q=ground%20almonds,2026-10-02,
14-870,Sainsbury's,Sainsbury's Ground Almonds 200g,3.4,200g,200,£17.00/kg,17,pack price / pack weight,yes,https://www.sainsburys.co.uk/gol-ui/SearchResults/ground%20almonds,2026-10-02,
14-870,Tesco,Tesco Ground Almonds 250G,4.25,250G,250,£17.00/kg,17,pack price / pack weight,yes,https://www.tesco.com/groceries/en-GB/search?query=ground%20almonds,2026-10-02,
14-873,Morrisons,,,,,,,no price found,no,https://groceries.morrisons.com/search?q=desiccated%20coconut,2026-10-02,Page returned HTTP 403 on 2 attempts
14-873,Sainsbury's,Sainsbury's Desiccated Coconut 250g,2.7,250g,250,£10.80 / kg,10.8,pack price / pack weight,yes,https://www.sainsburys.co.uk/gol-ui/SearchResults/desiccated%20coconut,2026-10-02,
14-873,Tesco,Tesco Desiccated Coconut 200G,2.1,200G,200,£10.50/kg,10.5,pack price / pack weight,yes,https://www.tesco.com/groceries/en-GB/search?query=desiccated%20coconut,2026-10-02,
14-877,Morrisons,Morrisons Redskin Peanuts 200g,1,200g,200,£5.00/kg,5,pack price / pack weight,yes,https://groceries.morrisons.com/search?q=unsalted%20peanuts,2026-10-02,redskin peanuts (plain); Buy 2 for £1.50 multibuy
14-877,Sainsbury's,Sainsbury's Fairtrade Peanuts 100g,1.15,100g,100,£11.50/kg,11.5,pack price / pack weight,yes,https://www.sainsburys.co.uk/gol-ui/SearchResults/plain%20peanuts,2026-10-02,"DOUBTFUL: assumed plain unsalted (name has no salt/flavour), page did not state; KP Roasted Peanuts Unsalted 250g branded alternative (page showed £2.75 and £3.25, regular vs Nectar unclear)"
14-877,Tesco,Tesco Jumbo Peanuts 300G,2.25,300G,300,£7.50/kg,7.5,pack price / pack weight,yes,https://www.tesco.com/groceries/en-GB/search?query=plain%20peanuts,2026-10-02,DOUBTFUL: listed as plain under dried fruit/nuts (Any 4 for 3 multibuy) but page did not state unsalted; no Tesco unsalted kernel peanut otherwise (KP Unsalted Peanuts 250G £3.25 branded)
14-879,Morrisons,Morrisons Walnut Pieces 150g,2.1,150g,150,£14.00/kg,14,pack price / pack weight,yes,https://groceries.morrisons.com/search?q=walnuts,2026-10-02,"smallest normal pack; also listed Morrisons Walnuts 180g £2.48 (£13.78/kg) and Morrisons Walnuts 50g £1.15 (£23.00/kg, treated as mini)"
14-879,Sainsbury's,"Sainsbury's Walnuts, Halves 100g",1.9,100g,100,£19.00/kg,19,pack price / pack weight,yes,https://www.sainsburys.co.uk/gol-ui/SearchResults/walnuts,2026-10-02,"smallest pack; Sainsbury's Walnuts, Pieces 200g is £2.35 (£11.75/kg)"
14-879,Tesco,Tesco Walnuts 200G,2.25,200G,200,£11.25/kg,11.25,pack price / pack weight,yes,https://www.tesco.com/groceries/en-GB/search?query=walnuts,2026-10-02,Clubcard Price £1.90 ignored
14-889,Morrisons,Morrisons Canned Coconut Milk 400ml,1,400ml,400,£2.50/litre,2.5,pack price / pack weight,yes,https://groceries.morrisons.com/search?q=coconut%20milk,2026-10-02,
14-889,Sainsbury's,Sainsbury's Coconut Milk 400ml,0.75,400ml,400,£1.88/litre,1.88,pack price / pack weight,yes,https://www.sainsburys.co.uk/gol-ui/SearchResults/coconut%20milk,2026-10-02,
14-889,Tesco,Tesco Coconut Milk 400ml,0.75,400ml,400,£1.88/litre,1.88,pack price / pack weight,yes,https://www.tesco.com/groceries/en-GB/search?query=coconut%20milk,2026-10-02,Aldi Price Match
14-896,Morrisons,Morrisons Almonds,2.75,200g,200,£13.75/kg,13.75,pack price / pack weight,yes,https://groceries.morrisons.com/products/morrisons-almonds/105410196,2026-10-02,"DOUBTFUL: a second 'Morrisons Almonds' 200g listing (new, /112703907) shows £2.33 (£11.65/kg, Buy 2 for £4); 60g snack pack £1.15 excluded; page does not say skin-on/raw"
14-896,Sainsbury's,Sainsbury's Whole Almonds 100g,1.35,100g,100,£13.50/kg,13.5,pack price / pack weight,yes,https://www.sainsburys.co.uk/gol-ui/SearchResults/whole%20almonds,2026-10-02,
14-896,Tesco,Tesco Almonds 200G,2.25,200G,200,£11.25/kg,11.25,pack price / pack weight,yes,https://www.tesco.com/groceries/en-GB/search?query=almonds,2026-10-02,Clubcard £1.90 ignored
16-393,Morrisons,Morrisons Market Street Mackerel Fillets 180g,4,180g,180,£22.22/kg,22.22,pack price / pack weight,yes,https://groceries.morrisons.com/search?q=mackerel%20fillets,2026-10-02,multibuy Buy 3 for £10
16-393,Sainsbury's,Sainsbury's 2 British Mackerel Fillets 180g,3.95,180g,180,£21.94/kg,21.94,pack price / pack weight,yes,https://www.sainsburys.co.uk/gol-ui/SearchResults/mackerel%20fillets,2026-10-02,
16-393,Tesco,Tesco 2 Boneless Mackerel Fillets 160G,3.95,160G,160,£24.69/kg,24.69,pack price / pack weight,yes,https://www.tesco.com/groceries/en-GB/search?query=mackerel%20fillets,2026-10-02,
16-401,Morrisons,Cornish Sardines,0.55,0.1kg,100,£5.50/kg,5.5,pack price / pack weight,yes,https://groceries.morrisons.com/search?q=fresh%20sardines,2026-10-02,Doubtful: listed under Fresh Whole Fish at £0.55 for 0.1kg (looks like per-100g loose or counter pricing rather than a fixed pack). Use £5.50/kg.
16-401,Sainsbury's,Sound Seafood MSC Cornish Whole Sardines (Approx. 360g),3.75,(Approx. 360g),,£9.79 / kg,9.79,shop's own price per kg,yes,https://www.sainsburys.co.uk/gol-ui/SearchResults/fresh%20sardines,2026-10-02,Doubtful: £3.75 / 360g = £10.42/kg but shop shows £9.79/kg because the weight is approximate (implies about 383g). pack_grams left blank; use shop unit price £9.79/kg. Branded fish supplier pack; no own-brand fresh sardines seen.
16-401,Tesco,,,,,,,no price found,no,,2026-10-02,NOT CHECKED: WebFetch session limit reached before lookup (resets 15:00 Europe/London)
16-416,Morrisons,Morrisons Tuna Chunks In Brine 145g,0.8,"145g (drained 102g) (net 145 g, drained 102 g)",102,£7.84/kg,7.84,pack price / pack weight,yes,https://groceries.morrisons.com/products/morrisons-tuna-chunks-in-brine-145g/110557133,2026-10-02,Priced per kg of drained weight. Drained weight from search listing; product page not opened. 0.80/0.102 = 7.84 matches.
16-416,Sainsbury's,,," (net  g, drained ? g)",,,,no price found,no,https://www.sainsburys.co.uk/gol-ui/SearchResults/tuna%20chunks%20in%20brine,2026-10-02,Priced per kg of drained weight. No single-tin Sainsbury's own-brand tuna chunks in brine found. Only multipacks listed: 4x145g £2.49 and 3x80g (3x56g drained) £2.20. Left blank.
16-416,Tesco,Tesco Tuna Chunks In Brine 145G,0.65,"145g (drained 102g) (net 145 g, drained 102 g)",102,£6.37/kg,6.37,pack price / pack weight,yes,https://www.tesco.com/shop/en-GB/products/303887523,2026-10-02,Priced per kg of drained weight. Drained weight read on product page. 0.65/0.102 = 6.37 matches.
16-417,Morrisons,Morrisons Tuna Chunks In Sunflower Oil 145g,0.8,"145g (drained 102g) (net 145 g, drained 102 g)",102,£7.84/kg,7.84,pack price / pack weight,yes,https://groceries.morrisons.com/products/morrisons-tuna-chunks-in-sunflower-oil-145g/110474442,2026-10-02,Priced per kg of drained weight. Drained weight from search listing; product page not opened. 0.80/0.102 = 7.84 matches.
16-417,Sainsbury's,Sainsbury's Tuna Chunks in Sunflower Oil 145g,0.65,"145g (net 145 g, drained ? g)",,£4.48/kg,,"no drained weight shown, not used",no,https://www.sainsburys.co.uk/gol-ui/SearchResults/sainsburys%20tuna%20chunks%20in%20sunflower%20oil%20145g,2026-10-02,Priced per kg of drained weight. No drained weight shown in listing name (checked twice); no product page URL available. Unit price is per net kg: 0.65/0.145 = 4.48. Drained left blank.
16-417,Tesco,Tesco Tuna Chunks In Sunflower Oil 145G,0.65,"145g (drained 102g) (net 145 g, drained 102 g)",102,£6.37/kg,6.37,pack price / pack weight,yes,https://www.tesco.com/shop/en-GB/products/303882199,2026-10-02,Priced per kg of drained weight. Drained weight read on product page. 0.65/0.102 = 6.37 matches.
16-424,Morrisons,Morrisons Sardines In Brine 120g,0.6,"120g (drained 90g) (net 120 g, drained 90 g)",90,£6.67/kg,6.67,pack price / pack weight,yes,https://groceries.morrisons.com/products/morrisons-sardines-in-brine-120g/105409646,2026-10-02,Priced per kg of drained weight. Drained weight from search listing; product page not opened. 0.60/0.090 = 6.67 matches.
16-424,Sainsbury's,Alva Sardines in Brine 120g,0.85,"120g (net 120 g, drained 85 g)",85,£10.00/kg,10,pack price / pack weight,yes,https://www.sainsburys.co.uk/gol-ui/SearchResults/sardines%20brine,2026-10-02,Priced per kg of drained weight. branded. No Sainsbury's own-brand sardines in brine; Alva was the only brine sardine tin in results. Drained 85g is from the Tesco page for the same Alva product (not shown on Sainsbury's page); it fits 0.85/0.085 = 10.00.
16-424,Tesco,Alva Sardines in Brine 120g,0.75,"120g (drained 85g) (net 120 g, drained 85 g)",85,£6.25/kg DR.WT,8.82,pack price / pack weight,yes,https://www.tesco.com/shop/en-GB/products/322655723,2026-10-02,"Priced per kg of drained weight. branded. No Tesco-named sardines in brine exist (Tesco sardines are in sunflower oil or sauces). Product page says currently out of stock (search page showed it in stock). DOUBTFUL: label says DR.WT but 0.75/0.120 = 6.25 so the figure is per net kg; 0.75/0.085 would be 8.82. | 85 g drained is supported by Sainsbury's, which sells the same Alva tin with a drained-weight unit price of £10.00/kg (0.85/0.085); Tesco's 'DR.WT' label fits the net weight instead."
17-031,Morrisons,Morrisons Extra Virgin Coconut Oil 300ml,3.8,300ml,276,£12.67/litre,13.77,pack price / pack weight,yes,https://groceries.morrisons.com/search?q=coconut%20oil,2026-10-02,
17-031,Sainsbury's,KTC Coconut Oil 500ml,3.5,500ml,460,£7.00/ltr,7.61,pack price / pack weight,yes,https://www.sainsburys.co.uk/gol-ui/SearchResults/coconut%20oil,2026-10-02,branded: no Sainsbury's own-brand coconut oil listed. Nectar price £3.00 ignored
17-031,Tesco,Niru Merchant Organic Coconut Oil 280ml,4,280ml,257.6,£14.29/litre,15.53,pack price / pack weight,yes,https://www.tesco.com/groceries/en-GB/search?query=coconut%20oil,2026-10-02,DOUBTFUL. branded: only Tesco own-brand is Tesco Organic Virgin Coconut Oil 300ml £3.85 (excluded as organic). Niru is cheapest branded but also organic; non-organic Groovy Virgin Coconut Oil 283ml is £5.25
17-041,Morrisons,Crisp 'n' Dry Rapeseed Oil 1L,2.95,1L,920,£2.25/litre,3.21,"pack price / pack weight (not used: this food's price comes from elsewhere, or too few shops)",no,https://groceries.morrisons.com/products/crisp-n-dry-rapeseed-oil/100397551,2026-10-02,branded. On offer: was £2.95 now £2.25 (standard promotion; unit price shown is the offer price of £2.25/litre). Only own-brand rapeseed is The Best 500ml (premium; excluded). Oil bottle: drained not applicable.
17-041,Sainsbury's,Mazola Pure Rapeseed Oil 1L,3.75,1L,920,£3.75/litre,4.08,"pack price / pack weight (not used: this food's price comes from elsewhere, or too few shops)",no,https://www.sainsburys.co.uk/gol-ui/SearchResults/mazola%20pure%20rapeseed%20oil%201l,2026-10-02,branded. Only own-brand rapeseed oil is SO Organic 1L £4.55 (excluded). Regular price £3.75; Nectar price £2.50 ignored. Oil bottle: drained not applicable.
17-041,Tesco,Crisp 'N Dry 100% Rapeseed Oil 1L,3,1L,920,£3.00/litre,3.26,"pack price / pack weight (not used: this food's price comes from elsewhere, or too few shops)",no,https://www.tesco.com/shop/en-GB/products/258732769,2026-10-02,branded. No Tesco standard-range rapeseed oil 1L (only Organic and Finest 500ml). Clubcard price £2.25 ignored. Cheaper than Kujawski £3.50. Oil bottle: drained not applicable.
17-043,Morrisons,Morrisons Toasted Sesame Oil 250ml,2.65,250ml,230,£10.60/litre,11.52,pack price / pack weight,yes,https://groceries.morrisons.com/search?q=toasted%20sesame%20oil,2026-10-02,Oil: 250ml x 0.92; 'sesame oil' search returned 403 twice; this is from the 'toasted sesame oil' search
17-043,Sainsbury's,"Sainsbury's Sesame Oil, Toasted 250ml",2.75,250ml,230,£11.00/ltr,11.96,pack price / pack weight,yes,https://www.sainsburys.co.uk/gol-ui/SearchResults/sesame%20oil,2026-10-02,Oil: 250ml x 0.92
17-043,Tesco,Tesco Toasted Sesame Oil 250ml,2.65,250ml,230,£10.60/litre,11.52,pack price / pack weight,yes,https://www.tesco.com/groceries/en-GB/search?query=sesame%20oil,2026-10-02,Oil: 250ml x 0.92
17-045,Morrisons,Morrisons Sunflower Oil 1L,1.45,1L,920,£1.45/litre,1.58,pack price / pack weight,yes,https://groceries.morrisons.com/search?q=sunflower%20oil,2026-10-02,
17-045,Sainsbury's,JS Sunflower Oil 1L,1.45,1L,920,£1.45 / ltr,1.58,pack price / pack weight,yes,https://www.sainsburys.co.uk/gol-ui/SearchResults/sunflower%20oil,2026-10-02,Aldi price match (shelf price)
17-045,Tesco,Tesco Pure Sunflower Oil 1L,1.45,1L,920,£1.45/litre,1.58,pack price / pack weight,yes,https://www.tesco.com/groceries/en-GB/search?query=sunflower%20oil,2026-10-02,
17-060,Morrisons,Billington's Light Brown Soft Sugar 500g,2.15,500g,500,£3.00/kg (offer price £1.50),4.3,pack price / pack weight,yes,https://groceries.morrisons.com/search?q=soft%20brown%20sugar,2026-10-02,branded. No Morrisons own-brand soft brown sugar found on two searches. On offer at £1.50 (£3.00/kg) with was price £2.15 recorded (= £4.30/kg). Dark version £1.75 was £2.15.
17-060,Sainsbury's,Sainsbury's Fairtrade Light Soft Brown Sugar 500g,2.05,500g,500,£4.10 / kg,4.1,pack price / pack weight,yes,https://www.sainsburys.co.uk/gol-ui/SearchResults/soft%20brown%20sugar,2026-10-02,Dark version same price.
17-060,Tesco,Tesco Light Brown Soft Sugar 500g,2,500g,500,£4.00/kg,4,pack price / pack weight,yes,https://www.tesco.com/groceries/en-GB/search?query=soft%20brown%20sugar%20500g,2026-10-02,Dark Brown Soft Sugar 500g same price.
17-065,Morrisons,Morrisons Golden Syrup,1.85,750g,750,£2.47/kg,2.47,pack price / pack weight,yes,https://groceries.morrisons.com/search?q=golden%20syrup,2026-10-02,
17-065,Sainsbury's,Sainsbury's Golden Syrup 750g,2.05,750g,750,£2.73/kg,2.73,pack price / pack weight,yes,https://www.sainsburys.co.uk/gol-ui/SearchResults/golden%20syrup,2026-10-02,
17-065,Tesco,Tesco Golden Syrup 680G,1.8,680G,680,£2.65/kg,2.65,pack price / pack weight,yes,https://www.tesco.com/groceries/en-GB/search?query=golden%20syrup,2026-10-02,
17-339,Morrisons,Morrisons Malt Vinegar 568ml,0.35,568ml,568,61.6p/litre,0.62,pack price / pack weight,yes,https://groceries.morrisons.com/search?q=malt%20vinegar,2026-10-02,
17-339,Sainsbury's,Sainsbury's Malt Vinegar 568ml,0.45,568ml,568,79p/ltr,0.79,pack price / pack weight,yes,https://www.sainsburys.co.uk/gol-ui/SearchResults/malt%20vinegar,2026-10-02,Sainsbury's Distilled Malt Vinegar 568ml same price
17-339,Tesco,Tesco Distilled Vinegar 568ml,0.35,568ml,568,£0.62/litre,0.62,pack price / pack weight,yes,https://www.tesco.com/groceries/en-GB/search?query=tesco%20vinegar,2026-10-02,No Tesco brown malt vinegar listed; distilled (clear) malt vinegar used. Aldi Price Match
17-355,Morrisons,Morrisons Baking Powder,0.75,160g,160,£4.69/kg,4.69,pack price / pack weight,yes,https://groceries.morrisons.com/search?q=baking%20powder,2026-10-02,
17-355,Sainsbury's,Sainsbury's Baking Powder 160g,0.65,160g,160,£4.06/kg,4.06,pack price / pack weight,yes,https://www.sainsburys.co.uk/gol-ui/SearchResults/baking%20powder,2026-10-02,
17-355,Tesco,Borwick's Baking Powder 200G,1.15,200G,200,£5.75/kg,5.75,pack price / pack weight,yes,https://www.tesco.com/groceries/en-GB/search?query=baking%20powder,2026-10-02,branded; no Tesco standard-range baking powder (Stockwell & Co. 150G £0.57 is value range - excluded); 'Everyday Low Price'
17-364,Morrisons,Morrisons Dijon Mustard,0.45,185g,185,£2.43/kg,2.43,pack price / pack weight,yes,https://groceries.morrisons.com/search?q=dijon%20mustard,2026-10-02,
17-364,Sainsbury's,Sainsbury's Dijon Mustard 185g,0.45,185g,185,£2.43 / kg,2.43,pack price / pack weight,yes,https://www.sainsburys.co.uk/gol-ui/SearchResults/dijon%20mustard,2026-10-02,Added after review (Sainsbury's had not been searched)
17-364,Tesco,Tesco Dijon Mustard 185G,0.45,185g,185,£2.43/kg,2.43,pack price / pack weight,yes,https://www.tesco.com/groceries/en-GB/search?query=dijon%20mustard,2026-10-02,Aldi Price Match label; added after review (Tesco had not been searched)
17-365,Morrisons,Morrisons Wholegrain Mustard 175g,0.44,175g,175,£2.51/kg,2.51,pack price / pack weight,yes,https://groceries.morrisons.com/search?q=wholegrain%20mustard,2026-10-02,175g jar (not 185g).
17-365,Sainsbury's,Sainsbury's Wholegrain Mustard 180g,0.44,180g,180,£2.44 / kg,2.44,pack price / pack weight,yes,https://www.sainsburys.co.uk/gol-ui/SearchResults/wholegrain%20mustard,2026-10-02,Shown with Aldi price match indicator. 180g jar (not 185g).
17-365,Tesco,Tesco Wholegrain Mustard 180G,0.44,180G,180,£2.44/kg,2.44,pack price / pack weight,yes,https://www.tesco.com/groceries/en-GB/search?query=wholegrain%20mustard,2026-10-02,Shown with Aldi Price Match badge. 180g jar (not 185g).
17-367,Morrisons,Morrisons Table Salt 750g,0.65,750g,750,86.7p/kg,0.87,pack price / pack weight,yes,https://groceries.morrisons.com/search?q=table%20salt,2026-10-02,tagged Unbeatable Price
17-367,Sainsbury's,Sainsbury's Table Salt Bottle 750g,0.75,750g,750,£1.00/kg,1,pack price / pack weight,yes,https://www.sainsburys.co.uk/gol-ui/SearchResults/table%20salt,2026-10-02,
17-367,Tesco,Tesco Cooking Salt 1.5Kg,1.9,1.5Kg,1500,£1.27/kg,1.27,pack price / pack weight,yes,https://www.tesco.com/groceries/en-GB/search?query=tesco%20salt,2026-10-02,no Tesco own-brand table salt listed in 'table salt' or 'tesco salt' searches; own-brand cooking salt used; cheapest branded table salt is Saxa Salt 750G £1.90 (£2.53/kg)
17-379,Morrisons,Morrisons Fast Action Yeast Sachets 8 x 7g,1.55,8 x 7g,56,£27.68/kg,27.68,pack price / pack weight,yes,https://groceries.morrisons.com/search?q=dried%20yeast,2026-10-02,
17-379,Sainsbury's,Sainsbury's Fast Action Dried Yeast Sachets x8 56g,1.6,x8 56g,56,£28.57/kg,28.57,pack price / pack weight,yes,https://www.sainsburys.co.uk/gol-ui/SearchResults/dried%20yeast,2026-10-02,
17-379,Tesco,Tesco Fast Action Dried Yeast 56G,1.55,56G,56,£27.68/kg,27.68,pack price / pack weight,yes,https://www.tesco.com/groceries/en-GB/search?query=dried%20yeast,2026-10-02,
17-515,Morrisons,Morrisons Beef Stock Cubes 12's,1.3,120g,120,£10.83/kg,10.83,pack price / pack weight,yes,https://groceries.morrisons.com/search?q=beef%20stock%20cubes,2026-10-02,12 cubes
17-515,Sainsbury's,"Sainsbury's Stock Cubes, Beef 10x10g",1.1,10x10g,100,£11.00/kg,11,pack price / pack weight,yes,https://www.sainsburys.co.uk/gol-ui/SearchResults/beef%20stock%20cubes,2026-10-02,10 cubes
17-515,Tesco,Tesco Beef Stock Cubes 10 Pack 100g,1,10 Pack 100g,100,£10.00/kg,10,pack price / pack weight,yes,https://www.tesco.com/groceries/en-GB/search?query=beef%20stock%20cubes,2026-10-02,10 cubes
17-622,Morrisons,Morrisons Green Pesto,0.89,190g,190,£4.68/kg,4.68,pack price / pack weight,yes,https://groceries.morrisons.com/search?q=green%20basil%20pesto,2026-10-02,"Shown with 'Unbeatable Price' label, no was price"
17-622,Sainsbury's,Sainsbury's Green Pesto 190g,0.89,190g,190,£4.68 / kg,4.68,pack price / pack weight,yes,https://www.sainsburys.co.uk/gol-ui/SearchResults/green%20basil%20pesto,2026-10-02,Aldi price match badge shown
17-622,Tesco,Tesco Classic Green Pesto 190G,0.89,190G,190,£4.68/kg,4.68,pack price / pack weight,yes,https://www.tesco.com/groceries/en-GB/search?query=green%20pesto,2026-10-02,"Aldi Price Match badge shown; price is the regular shelf price. First fetch of query 'green basil pesto' returned 404, used 'green pesto'."
17-640,Morrisons,East End Foods Pure Butter Ghee 500g,7.5,500g,500,£15.00/kg (offer price £6.00 = £12.00/kg),15,pack price / pack weight,yes,https://groceries.morrisons.com/search?q=ghee,2026-10-02,branded. No Morrisons own-brand ghee. Offer: now £6.00 (£12.00/kg) with was price £7.50 recorded. Laila 500g was £7.50 now £4.50; KTC 500g £7.95.
17-640,Sainsbury's,East End Pure Butter Ghee for Cooking 500g,7.5,500g,500,£15.00 / kg,15,pack price / pack weight,yes,https://www.sainsburys.co.uk/gol-ui/SearchResults/ghee,2026-10-02,branded. No Sainsbury's own-brand ghee. Page shows £4.50 (£9.00/kg) as a Nectar price so the was price £7.50 is recorded. Laila 500g shows the same pattern.
17-640,Tesco,East End Pure Butter Ghee 500G,7.5,500G,500,£15.00/kg,15,pack price / pack weight,yes,https://www.tesco.com/groceries/en-GB/search?query=ghee%20500g,2026-10-02,branded. No Tesco own-brand ghee. Khanum Pure Butter Ghee 500G is the same price. Clubcard price £4.50 ignored.
17-686,Morrisons,Morrisons Vegetable Oil 1l,1.45,1l,920,£1.45/litre,1.58,pack price / pack weight,yes,https://groceries.morrisons.com/search?q=vegetable%20oil,2026-10-02,tagged Unbeatable Price; pack_grams = 1000ml x 0.92
17-686,Sainsbury's,Sainsbury's Vegetable Oil 1L,1.45,1L,920,£1.45/ltr,1.58,pack price / pack weight,yes,https://www.sainsburys.co.uk/gol-ui/SearchResults/vegetable%20oil,2026-10-02,Aldi price match; pack_grams = 1000ml x 0.92
17-686,Tesco,Tesco Pure Vegetable Oil 1L,1.45,1L,920,£1.45/litre,1.58,pack price / pack weight,yes,https://www.tesco.com/groceries/en-GB/search?query=vegetable%20oil,2026-10-02,Aldi Price Match; pack_grams = 1000ml x 0.92
17-720,Morrisons,Morrisons Tikka Masala Curry Paste 180g,1.95,180g,180,£10.83/kg,10.83,pack price / pack weight,yes,https://groceries.morrisons.com/search?q=curry%20paste,2026-10-02,Morrisons Korma Curry Paste 180g is £1.90
17-720,Sainsbury's,Sainsbury's Fragrant Tikka Curry Paste 200g,2.15,200g,200,£10.75/kg,10.75,pack price / pack weight,yes,https://www.sainsburys.co.uk/gol-ui/SearchResults/curry%20paste,2026-10-02,"Indian-style; Korma, Rogan Josh, Balti, Madras 200g same price"
17-720,Tesco,Tesco Red Thai Curry Paste 180g,2.25,180g,180,£12.50/kg,12.5,pack price / pack weight,yes,https://www.tesco.com/groceries/en-GB/search?query=curry%20paste,2026-10-02,"DOUBTFUL: Thai paste, while Sainsbury's/Morrisons rows are Indian tikka paste. Only own-brand pastes on page 1 were Thai (red, green, massaman, all £2.25/180g); search for a Tesco Indian-style paste got 404 then the fetch quota ran out"
17-721,Morrisons,Morrisons Light Soy Sauce,0.9,150ml,150,£6.00/litre,6,pack price / pack weight,yes,https://groceries.morrisons.com/search?q=soy%20sauce,2026-10-02,Morrisons Dark Soy Sauce 150ml same price
17-721,Sainsbury's,Sainsbury's Light Soy Sauce 150ml,0.55,150ml,150,£3.67/ltr,3.67,pack price / pack weight,yes,https://www.sainsburys.co.uk/gol-ui/SearchResults/soy%20sauce,2026-10-02,Aldi price match
17-721,Tesco,Tesco Light Soy Sauce 150ml,0.55,150ml,150,£3.67/litre,3.67,pack price / pack weight,yes,https://www.tesco.com/groceries/en-GB/search?query=soy%20sauce,2026-10-02,Tesco Dark Soy Sauce 150ml same price
17-723,Morrisons,Morrisons Worcester Sauce,1.3,150ml,150,Ordinarily £8.67/litre,8.67,pack price / pack weight,yes,https://groceries.morrisons.com/search?q=worcestershire%20sauce,2026-10-02,
17-723,Sainsbury's,Sainsbury's Worcester Sauce 150ml,1.3,150ml,150,£8.67 / ltr,8.67,pack price / pack weight,yes,https://www.sainsburys.co.uk/gol-ui/SearchResults/worcestershire%20sauce,2026-10-02,
17-723,Tesco,Tesco Worcester Sauce 150ml,1.3,150ml,150,£8.67/litre,8.67,pack price / pack weight,yes,https://www.tesco.com/groceries/en-GB/search?query=worcestershire%20sauce,2026-10-02,
17-724,Morrisons,Morrisons Chicken Gravy Granules 200g,0.73,200g,200,Ordinarily £3.65/kg,3.65,pack price / pack weight,yes,https://groceries.morrisons.com/search?q=gravy%20granules,2026-10-02,Beef version 200g same price.
17-724,Sainsbury's,Sainsbury's Chicken Gravy Granules 170g,0.65,170g,170,£3.82 / kg,3.82,pack price / pack weight,yes,https://www.sainsburys.co.uk/gol-ui/SearchResults/gravy%20granules,2026-10-02,Gravy Granules For Meat 170g same price.
17-724,Tesco,Tesco Gravy Granules For Chicken 200G,0.66,200G,200,£3.30/kg,3.3,pack price / pack weight,yes,https://www.tesco.com/groceries/en-GB/search?query=gravy%20granules,2026-10-02,Aldi Price Match badge. Beef version 200G same price.
17-726,Morrisons,Morrisons Chicken Stock Cubes 12's,1.3,12 cubes 120g,120,£10.83/kg,10.83,pack price / pack weight,yes,https://groceries.morrisons.com/search?q=chicken%20stock%20cubes,2026-10-02,12 cubes; stock yield per cube not shown on search page
17-726,Sainsbury's,"Sainsbury's Stock Cubes, Chicken 10x10g",1.1,10x10g,100,£11.00/kg,11,pack price / pack weight,yes,https://www.sainsburys.co.uk/gol-ui/SearchResults/chicken%20stock%20cubes,2026-10-02,10 cubes; stock yield per cube not shown on search page
17-726,Tesco,Tesco Chicken Stock Cubes 10 Pack 100g,1,10 Pack 100g,100,£10.00/kg,10,pack price / pack weight,yes,https://www.tesco.com/groceries/en-GB/search?query=chicken%20stock%20cubes,2026-10-02,10 cubes; stock yield per cube not shown on search page
17-727,Morrisons,Morrisons Vegetable Stock Cubes 12's,1.3,"12 cubes, 120g",120,£10.83/kg,10.83,pack price / pack weight,yes,https://groceries.morrisons.com/search?q=vegetable%20stock%20cubes,2026-10-02,12 cubes
17-727,Sainsbury's,Sainsbury's Vegetable Stock Cubes 10 x 10g,1.1,10 x 10g,100,£11.00/kg,11,pack price / pack weight,yes,https://www.sainsburys.co.uk/gol-ui/SearchResults/vegetable%20stock%20cubes,2026-10-02,10 cubes
17-727,Tesco,Tesco Vegetable Stock Cubes 10 Pack 100g,1,10 Pack 100g,100,£10.00/kg,10,pack price / pack weight,yes,https://www.tesco.com/groceries/en-GB/search?query=vegetable%20stock%20cubes,2026-10-02,10 cubes
17-774,Morrisons,Morrisons Chicken Stock Cubes 12's,1.3,120g,120,£10.83/kg,10.83,pack price / pack weight,yes,https://groceries.morrisons.com/products/morrisons-chicken-stock-cubes-12-s/105712961,2026-10-02,12 cubes (120g); water per cube not checked (product page fetch hit WebFetch session limit)
17-774,Sainsbury's,"Sainsbury's Stock Cubes, Chicken 10x10g",1.1,10x10g,100,£11.00/kg,11,pack price / pack weight,yes,https://www.sainsburys.co.uk/gol-ui/SearchResults/chicken%20stock%20cubes,2026-10-02,10 cubes x 10g; water per cube not found (product URL not available from search page; follow-up fetch hit WebFetch session limit)
17-774,Tesco,Tesco Chicken Stock Cubes 10 Pack 100g,1,10 Pack 100g,100,£10.00/kg,10,pack price / pack weight,yes,https://www.tesco.com/shop/en-GB/products/264545711,2026-10-02,10 cubes x 10g; pack says 'Add 450ml (3/4 pint) of boiling water' per cube
18-289,Morrisons,Morrisons British Boneless Chicken Thigh Fillets 600g,5.75,600g,600,£8.33/kg (offer price; shop did not show was-price unit),9.58,pack price / pack weight,yes,https://groceries.morrisons.com/search?q=chicken%20thigh%20fillets%20600g,2026-10-02,On offer at £5.00 (£8.33/kg); was price £5.75 recorded per rules. 5.75/600*1000 = £9.58/kg. Smallest own-brand pack is 600g (other size 1kg)
18-289,Sainsbury's,,,,,,,no price found,no,https://www.sainsburys.co.uk/gol-ui/SearchResults/chicken%20thigh%20fillets,2026-10-02,Not priced: page returned only a 'enable JavaScript' shell with no product listings on two attempts
18-289,Tesco,Tesco British Chicken Thigh Fillets 600G,5.75,600G,600,£9.58/kg,9.58,pack price / pack weight,yes,https://www.tesco.com/groceries/en-GB/search?query=chicken%20thigh%20fillets,2026-10-02,Smallest own-brand pack found is 600g (other size 1kg); no 500g pack seen
18-293,Morrisons,Morrisons British Chicken Legs 1.35kg,3.65,1.35kg,1350,Ordinarily £2.70/kg,2.7,pack price / pack weight,yes,https://groceries.morrisons.com/search?q=chicken%20legs,2026-10-02,Only own-brand whole leg pack found is 1.35kg (larger than the 1kg guide).
18-293,Sainsbury's,Sainsbury's 1kg British Fresh Skin on Chicken Legs,2.25,1kg,1000,£2.25 / kg,2.25,pack price / pack weight,yes,https://www.sainsburys.co.uk/gol-ui/SearchResults/chicken%20legs,2026-10-02,Aldi price match badge.
18-293,Tesco,Tesco British Chicken Legs 1Kg,2.25,1Kg,1000,£2.25/kg,2.25,pack price / pack weight,yes,https://www.tesco.com/groceries/en-GB/search?query=chicken%20legs,2026-10-02,Aldi Price Match badge. 'whole chicken legs' search returned a 404 twice so 'chicken legs' search was used.
18-349,Morrisons,Morrisons British Turkey Breast Steaks 300g,4.5,300g,300,£15.00/kg,15,pack price / pack weight,yes,https://groceries.morrisons.com/search?q=turkey%20breast,2026-10-02,Buy 3 for £10 multibuy
18-349,Sainsbury's,Sainsbury's British Turkey Breast Fillets 250g,3.5,250g,250,£14.00/kg,14,pack price / pack weight,yes,https://www.sainsburys.co.uk/gol-ui/SearchResults/turkey%20breast,2026-10-02,
18-349,Tesco,Tesco British Turkey Breast Steaks 380G,4.75,380G,380,£12.50/kg,12.5,pack price / pack weight,yes,https://www.tesco.com/groceries/en-GB/search?query=turkey%20breast,2026-10-02,Tesco Mini Turkey Breast Fillets 400G also listed £5.50 (£13.75/kg)
18-350,Morrisons,Morrisons Turkey Mince 4% 500g,4.5,500g,500,£9.00/kg,9,pack price / pack weight,yes,https://groceries.morrisons.com/search?q=turkey%20breast%20mince,2026-10-02,Doubtful: no product labelled breast mince at Morrisons; this is the standard own-brand turkey mince (4% fat) not labelled breast. Thigh mince (£4.25) not used.
18-350,Sainsbury's,Sainsbury's 2% Fat Fresh British Turkey Mince 500g,4.95,500g,500,£9.90/kg,9.9,pack price / pack weight,yes,https://www.sainsburys.co.uk/gol-ui/SearchResults/turkey%20breast%20mince,2026-10-02,Product name does not say breast; it is the 2% fat turkey mince returned for the breast mince search. 7% fat version (£4.25) was a Nectar price so ignored.
18-350,Tesco,Tesco British Turkey Breast Mince 2% Fat 500G,4.75,500G,500,£9.50/kg,9.5,pack price / pack weight,yes,https://www.tesco.com/groceries/en-GB/search?query=turkey%20breast%20mince%20500g,2026-10-02,
18-481,Morrisons,Morrisons British Lamb Mince 454g,6.25,454g,454,£13.77/kg,13.77,pack price / pack weight,yes,https://groceries.morrisons.com/search?q=lamb%20mince,2026-10-02,Fresh; frozen Morrisons Lamb Mince 500g £5.50 (£11.00/kg) also sold
18-481,Sainsbury's,Sainsbury's British or New Zealand 20% Fat Lamb Mince 250g,4.25,250g,250,£17.00/kg,17,pack price / pack weight,yes,https://www.sainsburys.co.uk/gol-ui/SearchResults/lamb%20mince,2026-10-02,Smallest pack; same product 500g is £7.00 (£14.00/kg)
18-481,Tesco,Tesco British Lamb Mince 20% Fat 500G,6.5,500G,500,£13.00/kg,13,pack price / pack weight,yes,https://www.tesco.com/groceries/en-GB/search?query=lamb%20mince,2026-10-02,
18-606,Morrisons,Morrisons British Pork Mince 20% Fat 500g,2.5,500g,500,£5.00/kg,5,pack price / pack weight,yes,https://groceries.morrisons.com/search?q=pork%20mince%20500g,2026-10-02,20% fat chosen for consistency; excluded Savers 500g (also £2.50). A 454g pack at £2.39 also exists
18-606,Sainsbury's,Sainsbury's British Pork Mince 20% Fat 500g,2.45,500g,500,£4.90/kg,4.9,pack price / pack weight,yes,https://www.sainsburys.co.uk/gol-ui/SearchResults/pork%20mince,2026-10-02,"20% fat chosen for consistency; 10% fat 500g is £2.50 (£5.00/kg). First fetch (query 'pork mince 500g') listed only 10% and 5%, the 20% pack showed on the 'pork mince' search"
18-606,Tesco,Tesco Pork Mince 20% Fat 500G,2.4,500G,500,£4.80/kg,4.8,pack price / pack weight,yes,https://www.tesco.com/groceries/en-GB/search?query=pork%20mince%20500g,2026-10-02,20% fat chosen as standard fat and for consistency across shops; Tesco British Pork Mince 10% Fat 500g is £2.45 (£4.90/kg)
USDA-169661,Morrisons,Maple Crest Pure Maple Syrup 250g,4,250g,250,£16.00/kg,16,pack price / pack weight,yes,https://groceries.morrisons.com/search?q=maple%20syrup,2026-10-02,branded. No Morrisons own-brand pure maple syrup found.
USDA-169661,Sainsbury's,Maple Crest Maple Syrup 250g,4.15,250g,250,£16.60 / kg,16.6,pack price / pack weight,yes,https://www.sainsburys.co.uk/gol-ui/SearchResults/pure%20maple%20syrup,2026-10-02,branded. Doubtful: listing does not say 'pure' (same brand sells as 'Pure Maple Syrup' at Morrisons). No standard own-brand; only Taste the Difference 250g (£5.20 was) which is excluded. Buckwud Organic 250g £6.20 was.
USDA-169661,Tesco,Buckwud Organic Maple Syrup 250G,6.2,250G,250,£24.80/kg,24.8,pack price / pack weight,yes,https://www.tesco.com/groceries/en-GB/search?query=maple%20syrup,2026-10-02,branded. Doubtful: organic. Only pure maple syrups listed are this and Tesco Finest (330G £6.85) so no standard own-brand or non-organic option. Others on page are maple-flavoured or zero-calorie syrups. 'pure maple syrup' search returned a 404 twice so 'maple syrup' search was used.
USDA-169698,Morrisons,Morrisons Cornflour 500G,2.5,500g,500,£5.00/kg,5,pack price / pack weight,yes,https://groceries.morrisons.com/search?q=cornflour,2026-10-02,
USDA-169698,Sainsbury's,Sainsbury's Cornflour 500g,2.65,500g,500,£5.30/kg,5.3,pack price / pack weight,yes,https://www.sainsburys.co.uk/gol-ui/SearchResults/cornflour,2026-10-02,
USDA-169698,Tesco,Tesco Cornflour 500G,2.55,500G,500,£5.10/kg,5.1,pack price / pack weight,yes,https://www.tesco.com/groceries/en-GB/search?query=cornflour,2026-10-02,
USDA-170554,Morrisons,Morrisons Chia Seeds 150g,1.7,150g,150,£11.33/kg,11.33,pack price / pack weight,yes,https://groceries.morrisons.com/search?q=chia%20seeds,2026-10-02,Own-brand only comes in 150g (smaller than the 200-300g requested). Branded Natural Selection Whole Chia Seeds 200g £2.25 (£11.25/kg) not used.
USDA-170554,Sainsbury's,Sainsbury's Chia Seeds 150g,1.8,150g,150,£12.00 / kg,12,pack price / pack weight,yes,https://www.sainsburys.co.uk/gol-ui/SearchResults/chia%20seeds,2026-10-02,Own-brand only comes in 150g (smaller than the 200-300g requested). Branded Fudco Chia Seeds 250g was £1.75 (was £2.50) at £7.00/kg not used.
USDA-170554,Tesco,Tesco Chia Seeds 150G,1.8,150G,150,£12.00/kg,12,pack price / pack weight,yes,https://www.tesco.com/groceries/en-GB/search?query=chia%20seeds,2026-10-02,Own-brand only comes in 150g (smaller than the 200-300g requested). Clubcard price £1.45 ignored. Cheapest branded 200-300g not found on page (Naturya Organic 175G £4.00).
USDA-173735,Morrisons,Morrisons Black Beans In Water,0.5,"400g (net 400 g, drained ? g)",,£1.25/kg,,"no drained weight shown, not used",no,https://groceries.morrisons.com/products/morrisons-black-beans-in-water/115102525,2026-10-02,Priced per kg of drained weight. No drained weight shown on search or product page (only a per-half-can serving of 118g drained mentioned in nutrition text; not used). Unit price is per net kg: 0.50/0.400 = 1.25.
USDA-173735,Sainsbury's,Sainsbury's Black Beans in Water 400g (235g*),0.45,"400g (235g*) (net 400 g, drained 235 g)",235,£1.91/kg,1.91,pack price / pack weight,yes,https://www.sainsburys.co.uk/gol-ui/SearchResults/black%20beans%20400g,2026-10-02,Priced per kg of drained weight. Drained weight from bracket in search listing name; no product page URL available. 0.45/0.235 = 1.91 matches.
USDA-173735,Tesco,Tesco Black Beans 400G,0.46,"400g (drained 235g) (net 400 g, drained 235 g)",235,£1.96/kg DR.WT,1.96,pack price / pack weight,yes,https://www.tesco.com/shop/en-GB/products/297021336,2026-10-02,Priced per kg of drained weight. Drained weight read on product page; described as black beans in water. 0.46/0.235 = 1.96 matches.
USDA-174928,Morrisons,Morrisons Golden Breadcrumbs 175g,1.19,175g,175,£6.80/kg,6.8,pack price / pack weight,yes,https://groceries.morrisons.com/search?q=breadcrumbs,2026-10-02,Pack is 175g (a little under the 200-300g guide). Natural Breadcrumbs 175g £1.20.
USDA-174928,Sainsbury's,Sainsbury's Golden Breadcrumbs 230g,1.6,230g,230,£6.96/kg,6.96,pack price / pack weight,yes,https://www.sainsburys.co.uk/gol-ui/SearchResults/breadcrumbs,2026-10-02,Natural Fine Breadcrumbs 230g same price.
USDA-174928,Tesco,Tesco Golden Breadcrumbs 175G,1.25,175G,175,£7.14/kg,7.14,pack price / pack weight,yes,https://www.tesco.com/groceries/en-GB/search?query=breadcrumbs,2026-10-02,Pack is 175g (a little under the 200-300g guide). White Breadcrumbs 175G same price.
13-875,Morrisons,Morrisons Ground Coriander,1.09,36g,36,£30.28/kg,30.28,pack price / pack weight,yes,https://groceries.morrisons.com/search?q=ground%20coriander,2026-10-03,
13-875,Sainsbury's,Sainsbury's Ground Coriander 36g,0.95,36g,36,£26.39 / kg,26.39,pack price / pack weight,yes,https://www.sainsburys.co.uk/gol-ui/SearchResults/ground%20coriander,2026-10-03,
13-875,Tesco,Tesco Ground Coriander 36G,1.00,36G,36,£27.78/kg,27.78,pack price / pack weight,yes,https://www.tesco.com/groceries/en-GB/search?query=ground%20coriander,2026-10-03,