region,recipes,heldout_recipes,heldout_own_2plus,heldout_others_2plus,gap,checked,real_low,real_typical,real_high
African,352,61,0.770,0.396,0.374,yes,2,4,5
EastAsian,2512,474,0.829,0.277,0.552,yes,2,4,6
EasternEuropean,381,75,0.840,0.459,0.381,yes,2,3,4
LatinAmerican,2917,590,0.822,0.426,0.396,yes,2,4,6
MiddleEastern,645,133,0.722,0.380,0.342,yes,1,2,3
NorthAmerican,41524,8341,0.541,0.352,0.189,no,1,2,3
NorthernEuropean,250,50,0.800,0.361,0.439,yes,2,3,4
SouthAsian,621,133,0.812,0.381,0.431,yes,2,5,7
SoutheastAsian,457,84,0.881,0.318,0.563,yes,3,4,6
SouthernEuropean,4180,854,0.712,0.277,0.435,yes,1,3,5
WesternEuropean,2659,505,0.695,0.363,0.332,yes,1,2,4
