region,rank,ingredient,prevalence,other_regions,relative
African,1,olive_oil,0.557,0.191,0.366
African,2,cumin,0.472,0.142,0.329
African,3,cinnamon,0.324,0.095,0.229
African,4,coriander,0.295,0.096,0.199
African,5,onion,0.537,0.351,0.186
African,6,bell_pepper,0.293,0.119,0.173
African,7,lemon_juice,0.230,0.094,0.136
African,8,cilantro,0.227,0.107,0.120
African,9,lamb,0.131,0.019,0.111
African,10,ginger,0.239,0.132,0.106
African,11,lemon,0.162,0.057,0.105
African,12,parsley,0.199,0.097,0.102
EastAsian,1,soy_sauce,0.541,0.042,0.499
EastAsian,2,scallion,0.473,0.077,0.396
EastAsian,3,sesame_oil,0.373,0.013,0.360
EastAsian,4,rice,0.338,0.088,0.250
EastAsian,5,soybean,0.250,0.010,0.240
EastAsian,6,ginger,0.326,0.124,0.202
EastAsian,7,roasted_sesame_seed,0.196,0.006,0.190
EastAsian,8,sake,0.185,0.002,0.183
EastAsian,9,cayenne,0.401,0.225,0.177
EastAsian,10,garlic,0.518,0.370,0.148
EastAsian,11,fish,0.202,0.078,0.123
EastAsian,12,shiitake,0.126,0.006,0.120
EasternEuropean,1,butter,0.528,0.272,0.255
EasternEuropean,2,egg,0.517,0.281,0.236
EasternEuropean,3,wheat,0.517,0.306,0.211
EasternEuropean,4,cream,0.291,0.128,0.164
EasternEuropean,5,potato,0.192,0.069,0.123
EasternEuropean,6,milk,0.247,0.128,0.119
EasternEuropean,7,dill,0.113,0.024,0.089
EasternEuropean,8,yeast,0.126,0.040,0.086
EasternEuropean,9,cabbage,0.102,0.023,0.079
EasternEuropean,10,vanilla,0.147,0.073,0.074
EasternEuropean,11,sauerkraut,0.073,0.001,0.072
EasternEuropean,12,onion,0.425,0.362,0.063
LatinAmerican,1,cayenne,0.667,0.198,0.469
LatinAmerican,2,tomato,0.541,0.172,0.369
LatinAmerican,3,onion,0.653,0.339,0.314
LatinAmerican,4,corn,0.298,0.041,0.257
LatinAmerican,5,garlic,0.601,0.362,0.239
LatinAmerican,6,cheddar_cheese,0.170,0.012,0.157
LatinAmerican,7,oregano,0.181,0.028,0.153
LatinAmerican,8,cheese,0.186,0.037,0.149
LatinAmerican,9,cilantro,0.248,0.105,0.143
LatinAmerican,10,cumin,0.286,0.161,0.125
LatinAmerican,11,lime_juice,0.141,0.044,0.097
LatinAmerican,12,avocado,0.099,0.004,0.095
MiddleEastern,1,olive_oil,0.406,0.206,0.200
MiddleEastern,2,lemon_juice,0.248,0.092,0.156
MiddleEastern,3,parsley,0.208,0.096,0.112
MiddleEastern,4,wheat,0.422,0.316,0.106
MiddleEastern,5,cinnamon,0.192,0.108,0.085
MiddleEastern,6,lemon,0.136,0.059,0.077
MiddleEastern,7,egg,0.371,0.296,0.075
MiddleEastern,8,mint,0.113,0.042,0.071
MiddleEastern,9,walnut,0.079,0.024,0.055
MiddleEastern,10,yogurt,0.088,0.034,0.054
NorthAmerican,1,milk,0.265,0.126,0.139
NorthAmerican,2,butter,0.412,0.284,0.128
NorthAmerican,3,vanilla,0.195,0.068,0.126
NorthAmerican,4,egg,0.403,0.292,0.111
NorthAmerican,5,cane_molasses,0.166,0.065,0.101
NorthAmerican,6,wheat,0.398,0.318,0.080
NorthAmerican,7,cocoa,0.104,0.026,0.079
NorthAmerican,8,cream,0.196,0.137,0.058
NorthernEuropean,1,butter,0.640,0.261,0.379
NorthernEuropean,2,wheat,0.580,0.300,0.280
NorthernEuropean,3,egg,0.528,0.280,0.248
NorthernEuropean,4,cream,0.288,0.128,0.160
NorthernEuropean,5,almond,0.184,0.048,0.136
NorthernEuropean,6,cardamom,0.132,0.027,0.105
NorthernEuropean,7,milk,0.224,0.130,0.094
NorthernEuropean,8,dill,0.108,0.024,0.084
NorthernEuropean,9,vanilla,0.152,0.072,0.080
NorthernEuropean,10,rye_flour,0.072,0.003,0.069
NorthernEuropean,11,cane_molasses,0.124,0.069,0.055
SouthAsian,1,cumin,0.604,0.129,0.475
SouthAsian,2,turmeric,0.514,0.049,0.465
SouthAsian,3,coriander,0.473,0.078,0.395
SouthAsian,4,ginger,0.425,0.114,0.311
SouthAsian,5,cayenne,0.483,0.216,0.267
SouthAsian,6,fenugreek,0.279,0.029,0.249
SouthAsian,7,yogurt,0.238,0.019,0.219
SouthAsian,8,cilantro,0.290,0.101,0.189
SouthAsian,9,onion,0.509,0.354,0.155
SouthAsian,10,cardamom,0.155,0.025,0.130
SouthAsian,11,garlic,0.475,0.374,0.101
SouthAsian,12,coconut,0.137,0.041,0.096
SoutheastAsian,1,fish,0.495,0.049,0.445
SoutheastAsian,2,rice,0.357,0.087,0.270
SoutheastAsian,3,cilantro,0.357,0.094,0.262
SoutheastAsian,4,garlic,0.621,0.360,0.262
SoutheastAsian,5,lime_juice,0.289,0.029,0.260
SoutheastAsian,6,coconut,0.282,0.027,0.256
SoutheastAsian,7,soy_sauce,0.315,0.064,0.251
SoutheastAsian,8,ginger,0.335,0.123,0.212
SoutheastAsian,9,lemongrass,0.210,0.001,0.209
SoutheastAsian,10,cayenne,0.418,0.223,0.195
SoutheastAsian,11,scallion,0.280,0.096,0.184
SoutheastAsian,12,coriander,0.267,0.099,0.168
SouthernEuropean,1,olive_oil,0.625,0.184,0.441
SouthernEuropean,2,parmesan_cheese,0.241,0.014,0.227
SouthernEuropean,3,basil,0.253,0.036,0.217
SouthernEuropean,4,macaroni,0.234,0.020,0.214
SouthernEuropean,5,tomato,0.381,0.188,0.193
SouthernEuropean,6,parsley,0.245,0.092,0.153
SouthernEuropean,7,garlic,0.522,0.370,0.152
SouthernEuropean,8,oregano,0.154,0.031,0.123
SouthernEuropean,9,cheese,0.156,0.040,0.116
SouthernEuropean,10,mozzarella_cheese,0.100,0.007,0.093
SouthernEuropean,11,white_wine,0.116,0.036,0.080
SouthernEuropean,12,rosemary,0.089,0.012,0.077
WesternEuropean,1,butter,0.525,0.272,0.252
WesternEuropean,2,egg,0.490,0.284,0.206
WesternEuropean,3,wheat,0.481,0.310,0.171
WesternEuropean,4,milk,0.261,0.127,0.134
WesternEuropean,5,cream,0.241,0.133,0.108
WesternEuropean,6,thyme,0.103,0.033,0.070
WesternEuropean,7,vanilla,0.143,0.073,0.069
WesternEuropean,8,mustard,0.095,0.043,0.052
